0,1,2,3,4,5,6,7,8,9,10,11,12,13,14,15,16,17,18,19,20,21,22,23,24,25,26,27,28,29,30,31,32,33,34,35,36,37,38,39,40,41,42,43,44,45,46,47,48,49,50,51,52,53,54,55,56,57,58,59,60,61,62,63,64,65,66,67,68,69,70,71,72,73,74,75,76,77,78,79,80,81,82,83,84,85,86,87,88,89,90,91,92,93,94,95,96,97,98,99,100,101,102,103,104,105,106,107,108,109,110,111,112,113,114,115,116,117,118,119,120,121,122,123,124,125,126,127,128,129,130,131,132,133,134,135,136,137,138,139,140,141,142,143,144,145,146,147,148,149,150,151,152,153,154
6,0,0,0,0,0,0,0,20,0,16,28,4,0,26,25,7.8,110.24,2316.4012,-8.88E-16,147.9012,0.052947664,42.98,130.9,3.045602606,4.34,6,0.465617869,0.373021281,0.319607436,0.302304563,0.291874356,1.8,0.06,2.48,2.24,0.022248763,0.002820712,0.68,-0.349327831,-1.494868131,6.411827982,0.048726025,13,73,60,38.14,13.2664,22,43,73,30,46.78,3.6248,43,26.9815386,180.94788,153.9663414,88.31048912,32.9973471,47.867,933.47,3290,2356.53,2316.4882,484.928496,1941,4,13,9,4.94,1.0152,4,3,6,3,4.72,0.6672,4,121,175,54,163.68,8.0368,160,1.33,1.63,0.3,1.4988,0.087776,1.54,1.8,0.32,2,1,1,0.06,0.1128,0,0,4,4,2.48,0.816,2,14,14,2.24,3.7632,3,19,16,6.58,3.9744,4,0.2,0.32,5,5,0.3,0.564,0,0,8,8,6.92,1.1984,8,5,8,3,7.42,0.6264,8,13.01,23.195,10.185,18.7483,2.312284,16.69,0,0,0,0,2.25E-05,2.25E-05,6.31E-06,9.09E-06,2.25E-05,194,35,209.86,17.1288,194,1965
6,0,0,0,0,0,0,0,20,0,16,28,4,0,26,800,7.8,110.24,2316.4012,-8.88E-16,147.9012,0.052947664,42.98,130.9,3.045602606,4.34,6,0.465617869,0.373021281,0.319607436,0.302304563,0.291874356,1.8,0.06,2.48,2.24,0.022248763,0.002820712,0.68,-0.349327831,-1.494868131,6.411827982,0.048726025,13,73,60,38.14,13.2664,22,43,73,30,46.78,3.6248,43,26.9815386,180.94788,153.9663414,88.31048912,32.9973471,47.867,933.47,3290,2356.53,2316.4882,484.928496,1941,4,13,9,4.94,1.0152,4,3,6,3,4.72,0.6672,4,121,175,54,163.68,8.0368,160,1.33,1.63,0.3,1.4988,0.087776,1.54,1.8,0.32,2,1,1,0.06,0.1128,0,0,4,4,2.48,0.816,2,14,14,2.24,3.7632,3,19,16,6.58,3.9744,4,0.2,0.32,5,5,0.3,0.564,0,0,8,8,6.92,1.1984,8,5,8,3,7.42,0.6264,8,13.01,23.195,10.185,18.7483,2.312284,16.69,0,0,0,0,2.25E-05,2.25E-05,6.31E-06,9.09E-06,2.25E-05,194,35,209.86,17.1288,194,678
6,0,0,0,0,0,0,0,20,0,16,28,4,0,26,1000,7.8,110.24,2316.4012,-8.88E-16,147.9012,0.052947664,42.98,130.9,3.045602606,4.34,6,0.465617869,0.373021281,0.319607436,0.302304563,0.291874356,1.8,0.06,2.48,2.24,0.022248763,0.002820712,0.68,-0.349327831,-1.494868131,6.411827982,0.048726025,13,73,60,38.14,13.2664,22,43,73,30,46.78,3.6248,43,26.9815386,180.94788,153.9663414,88.31048912,32.9973471,47.867,933.47,3290,2356.53,2316.4882,484.928496,1941,4,13,9,4.94,1.0152,4,3,6,3,4.72,0.6672,4,121,175,54,163.68,8.0368,160,1.33,1.63,0.3,1.4988,0.087776,1.54,1.8,0.32,2,1,1,0.06,0.1128,0,0,4,4,2.48,0.816,2,14,14,2.24,3.7632,3,19,16,6.58,3.9744,4,0.2,0.32,5,5,0.3,0.564,0,0,8,8,6.92,1.1984,8,5,8,3,7.42,0.6264,8,13.01,23.195,10.185,18.7483,2.312284,16.69,0,0,0,0,2.25E-05,2.25E-05,6.31E-06,9.09E-06,2.25E-05,194,35,209.86,17.1288,194,166
6,0,0,0,0,0,0,0,20,0,20,28,0,0,26,25,8.2,112.56,2360.6812,1.44E-15,148.3572,0.048348003,43.86,132.5,3.020975832,4.34,5,0.479165942,0.382002357,0.323626813,0.304163231,0.292463549,1.8,0.06,2.48,2.8,0.019409169,0.002644218,0.68,-0.296621567,-1.48990655,6.762281238,0.045466792,13,73,60,40.14,13.488,22,43,73,30,46.86,3.6488,43,26.9815386,180.94788,153.9663414,93.51074432,34.97485427,47.867,933.47,3290,2356.53,2360.7682,527.38544,1941,4,13,9,4.94,1.0152,4,3,6,3,4.8,0.664,4,121,175,54,164.36,7.7888,160,1.33,1.61,0.28,1.4936,0.085072,1.54,1.8,0.32,2,1,1,0.06,0.1128,0,0,4,4,2.48,0.816,2,14,14,2.8,4.48,3,19,16,7.14,4.744,4,0.2,0.32,5,5,0.3,0.564,0,0,8,8,6.92,1.1984,8,5,8,3,7.42,0.6264,8,16.48,23.195,6.715,18.9527,2.205996,16.69,0,0,0,0,2.25E-05,2.25E-05,6.31E-06,9.09E-06,2.25E-05,194,35,209.86,17.1288,194,1965
6,0,0,0,0,0,0,0,20,0,20,28,0,0,26,800,8.2,112.56,2360.6812,1.44E-15,148.3572,0.048348003,43.86,132.5,3.020975832,4.34,5,0.479165942,0.382002357,0.323626813,0.304163231,0.292463549,1.8,0.06,2.48,2.8,0.019409169,0.002644218,0.68,-0.296621567,-1.48990655,6.762281238,0.045466792,13,73,60,40.14,13.488,22,43,73,30,46.86,3.6488,43,26.9815386,180.94788,153.9663414,93.51074432,34.97485427,47.867,933.47,3290,2356.53,2360.7682,527.38544,1941,4,13,9,4.94,1.0152,4,3,6,3,4.8,0.664,4,121,175,54,164.36,7.7888,160,1.33,1.61,0.28,1.4936,0.085072,1.54,1.8,0.32,2,1,1,0.06,0.1128,0,0,4,4,2.48,0.816,2,14,14,2.8,4.48,3,19,16,7.14,4.744,4,0.2,0.32,5,5,0.3,0.564,0,0,8,8,6.92,1.1984,8,5,8,3,7.42,0.6264,8,16.48,23.195,6.715,18.9527,2.205996,16.69,0,0,0,0,2.25E-05,2.25E-05,6.31E-06,9.09E-06,2.25E-05,194,35,209.86,17.1288,194,362
6,0,0,0,0,0,0,0,20,0,20,28,0,0,26,1000,8.2,112.56,2360.6812,1.44E-15,148.3572,0.048348003,43.86,132.5,3.020975832,4.34,5,0.479165942,0.382002357,0.323626813,0.304163231,0.292463549,1.8,0.06,2.48,2.8,0.019409169,0.002644218,0.68,-0.296621567,-1.48990655,6.762281238,0.045466792,13,73,60,40.14,13.488,22,43,73,30,46.86,3.6488,43,26.9815386,180.94788,153.9663414,93.51074432,34.97485427,47.867,933.47,3290,2356.53,2360.7682,527.38544,1941,4,13,9,4.94,1.0152,4,3,6,3,4.8,0.664,4,121,175,54,164.36,7.7888,160,1.33,1.61,0.28,1.4936,0.085072,1.54,1.8,0.32,2,1,1,0.06,0.1128,0,0,4,4,2.48,0.816,2,14,14,2.8,4.48,3,19,16,7.14,4.744,4,0.2,0.32,5,5,0.3,0.564,0,0,8,8,6.92,1.1984,8,5,8,3,7.42,0.6264,8,16.48,23.195,6.715,18.9527,2.205996,16.69,0,0,0,0,2.25E-05,2.25E-05,6.31E-06,9.09E-06,2.25E-05,194,35,209.86,17.1288,194,236
8,0,0,0,0,12,0,0,20,0,20,20,0,0,20,25,9,109.96,2397.1256,-3.33E-16,148.8436,0.049123464,42.48,133.08,3.132768362,4.32,6,0.425205833,0.324721655,0.265052664,0.244059928,0.229774978,1.8,0.08,2.44,4.48,0.023738697,0.00332884,0.6,-0.532744047,-1.474130708,5.491539242,0.047778658,13,73,60,44.88,17.7568,22,43,73,30,47.64,4.2016,43,26.9815386,180.94788,153.9663414,106.1663751,47.27027194,47.867,933.47,3290,2356.53,2397.1976,524.354496,1941,4,13,9,5.12,1.2608,4,3,6,3,4.96,0.6976,4,121,175,54,164.48,8.9408,160,1.3,1.61,0.31,1.4788,0.102432,1.33,1.8,0.32,1,1,1,0.08,0.1472,0,0,4,4,2.44,0.848,2,14,14,4.48,6.0928,3,19,16,8.8,6.288,4,0.2,0.32,5,5,0.4,0.736,0,0,8,8,6.76,1.3856,6,5,8,3,7.36,0.6656,7,16.48,23.195,6.715,19.2194,2.305584,16.69,0,0,0,0,2.25E-05,2.25E-05,4.51E-06,7.21E-06,0,194,35,210.48,17.1392,194,1841
8,0,0,0,0,12,0,0,20,0,20,20,0,0,20,800,10,109.96,2397.1256,-3.33E-16,148.8436,0.049123464,42.48,133.08,3.132768362,4.32,6,0.425205833,0.324721655,0.265052664,0.244059928,0.229774978,1.8,0.08,2.44,4.48,0.023738697,0.00332884,0.6,-0.532744047,-1.474130708,5.491539242,0.047778658,13,73,60,44.88,17.7568,22,43,73,30,47.64,4.2016,43,26.9815386,180.94788,153.9663414,106.1663751,47.27027194,47.867,933.47,3290,2356.53,2397.1976,524.354496,1941,4,13,9,5.12,1.2608,4,3,6,3,4.96,0.6976,4,121,175,54,164.48,8.9408,160,1.3,1.61,0.31,1.4788,0.102432,1.33,1.8,0.32,1,1,1,0.08,0.1472,0,0,4,4,2.44,0.848,2,14,14,4.48,6.0928,3,19,16,8.8,6.288,4,0.2,0.32,5,5,0.4,0.736,0,0,8,8,6.76,1.3856,6,5,8,3,7.36,0.6656,7,16.48,23.195,6.715,19.2194,2.305584,16.69,0,0,0,0,2.25E-05,2.25E-05,4.51E-06,7.21E-06,0,194,35,210.48,17.1392,194,796
8,0,0,0,0,12,0,0,20,0,20,20,0,0,20,1000,11,109.96,2397.1256,-3.33E-16,148.8436,0.049123464,42.48,133.08,3.132768362,4.32,6,0.425205833,0.324721655,0.265052664,0.244059928,0.229774978,1.8,0.08,2.44,4.48,0.023738697,0.00332884,0.6,-0.532744047,-1.474130708,5.491539242,0.047778658,13,73,60,44.88,17.7568,22,43,73,30,47.64,4.2016,43,26.9815386,180.94788,153.9663414,106.1663751,47.27027194,47.867,933.47,3290,2356.53,2397.1976,524.354496,1941,4,13,9,5.12,1.2608,4,3,6,3,4.96,0.6976,4,121,175,54,164.48,8.9408,160,1.3,1.61,0.31,1.4788,0.102432,1.33,1.8,0.32,1,1,1,0.08,0.1472,0,0,4,4,2.44,0.848,2,14,14,4.48,6.0928,3,19,16,8.8,6.288,4,0.2,0.32,5,5,0.4,0.736,0,0,8,8,6.76,1.3856,6,5,8,3,7.36,0.6656,7,16.48,23.195,6.715,19.2194,2.305584,16.69,0,0,0,0,2.25E-05,2.25E-05,4.51E-06,7.21E-06,0,194,35,210.48,17.1392,194,298
11.11,22.22,22.22,22.22,0,0,0,22.22,0,0,0,0,0,0,0,1000,7.9,189.5366,1666.562216,-0.000724372,127.539467,0.044319048,72.6594,155.0956,2.134556575,8.3325,6,0.41659779,0.313474295,0.251172732,0.228869032,0.213571251,1.636363636,0.090909091,6.545454545,0,0.022248763,0.002965528,0.909090909,-0.306834378,-1.812035556,16.36283018,0.035658292,13,29,16,25.54545455,2.842975207,24,49,73,24,58.81818182,5.256198347,49,26.9815386,63.546,36.5644614,55.00081169,6.187035722,51.9961,933.47,2180,1246.53,1693.000909,259.9986777,1357.77,6,13,7,9.181818182,1.652892562,6,3,4,1,3.909090909,0.165289256,4,121,139,18,129.7272727,5.024793388,124,1.61,1.91,0.3,1.815454545,0.093884298,1.66,1.636363636,0.462809917,1,1,1,0.090909091,0.165289256,0,0,10,10,6.545454545,1.950413223,5,0,0,0,0,3,11,8,8.272727273,1.884297521,6,0.363636364,0.462809917,5,5,0.454545455,0.826446281,0,0,5,5,2.545454545,1.58677686,0,1,6,5,3.363636364,1.487603306,1,10.245,16.48,6.235,11.23545455,0.953553719,10.245,0,0,0,0,2.1106628,2.1106628,0.773550673,0.768011874,0,194,35,220.8181818,9.752066116,194,150
11.11,22.22,22.22,22.22,0,0,0,22.22,0,0,0,0,0,0,0,25,7.9,189.5366,1666.562216,-0.000724372,127.539467,0.044319048,72.6594,155.0956,2.134556575,8.3325,6,0.41659779,0.313474295,0.251172732,0.228869032,0.213571251,1.636363636,0.090909091,6.545454545,0,0.022248763,0.002965528,0.909090909,-0.306834378,-1.812035556,16.36283018,0.035658292,13,29,16,25.54545455,2.842975207,24,49,73,24,58.81818182,5.256198347,49,26.9815386,63.546,36.5644614,55.00081169,6.187035722,51.9961,933.47,2180,1246.53,1693.000909,259.9986777,1357.77,6,13,7,9.181818182,1.652892562,6,3,4,1,3.909090909,0.165289256,4,121,139,18,129.7272727,5.024793388,124,1.61,1.91,0.3,1.815454545,0.093884298,1.66,1.636363636,0.462809917,1,1,1,0.090909091,0.165289256,0,0,10,10,6.545454545,1.950413223,5,0,0,0,0,3,11,8,8.272727273,1.884297521,6,0.363636364,0.462809917,5,5,0.454545455,0.826446281,0,0,5,5,2.545454545,1.58677686,0,1,6,5,3.363636364,1.487603306,1,10.245,16.48,6.235,11.23545455,0.953553719,10.245,0,0,0,0,2.1106628,2.1106628,0.773550673,0.768011874,0,194,35,220.8181818,9.752066116,194,388
11.11,22.22,22.22,22.22,0,0,0,22.22,0,0,0,0,0,0,0,300,7.9,189.5366,1666.562216,-0.000724372,127.539467,0.044319048,72.6594,155.0956,2.134556575,8.3325,6,0.41659779,0.313474295,0.251172732,0.228869032,0.213571251,1.636363636,0.090909091,6.545454545,0,0.022248763,0.002965528,0.909090909,-0.306834378,-1.812035556,16.36283018,0.035658292,13,29,16,25.54545455,2.842975207,24,49,73,24,58.81818182,5.256198347,49,26.9815386,63.546,36.5644614,55.00081169,6.187035722,51.9961,933.47,2180,1246.53,1693.000909,259.9986777,1357.77,6,13,7,9.181818182,1.652892562,6,3,4,1,3.909090909,0.165289256,4,121,139,18,129.7272727,5.024793388,124,1.61,1.91,0.3,1.815454545,0.093884298,1.66,1.636363636,0.462809917,1,1,1,0.090909091,0.165289256,0,0,10,10,6.545454545,1.950413223,5,0,0,0,0,3,11,8,8.272727273,1.884297521,6,0.363636364,0.462809917,5,5,0.454545455,0.826446281,0,0,5,5,2.545454545,1.58677686,0,1,6,5,3.363636364,1.487603306,1,10.245,16.48,6.235,11.23545455,0.953553719,10.245,0,0,0,0,2.1106628,2.1106628,0.773550673,0.768011874,0,194,35,220.8181818,9.752066116,194,411
11.11,22.22,22.22,22.22,0,0,0,22.22,0,0,0,0,0,0,0,500,7.9,189.5366,1666.562216,-0.000724372,127.539467,0.044319048,72.6594,155.0956,2.134556575,8.3325,6,0.41659779,0.313474295,0.251172732,0.228869032,0.213571251,1.636363636,0.090909091,6.545454545,0,0.022248763,0.002965528,0.909090909,-0.306834378,-1.812035556,16.36283018,0.035658292,13,29,16,25.54545455,2.842975207,24,49,73,24,58.81818182,5.256198347,49,26.9815386,63.546,36.5644614,55.00081169,6.187035722,51.9961,933.47,2180,1246.53,1693.000909,259.9986777,1357.77,6,13,7,9.181818182,1.652892562,6,3,4,1,3.909090909,0.165289256,4,121,139,18,129.7272727,5.024793388,124,1.61,1.91,0.3,1.815454545,0.093884298,1.66,1.636363636,0.462809917,1,1,1,0.090909091,0.165289256,0,0,10,10,6.545454545,1.950413223,5,0,0,0,0,3,11,8,8.272727273,1.884297521,6,0.363636364,0.462809917,5,5,0.454545455,0.826446281,0,0,5,5,2.545454545,1.58677686,0,1,6,5,3.363636364,1.487603306,1,10.245,16.48,6.235,11.23545455,0.953553719,10.245,0,0,0,0,2.1106628,2.1106628,0.773550673,0.768011874,0,194,35,220.8181818,9.752066116,194,421
11.11,22.22,22.22,22.22,0,0,0,22.22,0,0,0,0,0,0,0,700,7.9,189.5366,1666.562216,-0.000724372,127.539467,0.044319048,72.6594,155.0956,2.134556575,8.3325,6,0.41659779,0.313474295,0.251172732,0.228869032,0.213571251,1.636363636,0.090909091,6.545454545,0,0.022248763,0.002965528,0.909090909,-0.306834378,-1.812035556,16.36283018,0.035658292,13,29,16,25.54545455,2.842975207,24,49,73,24,58.81818182,5.256198347,49,26.9815386,63.546,36.5644614,55.00081169,6.187035722,51.9961,933.47,2180,1246.53,1693.000909,259.9986777,1357.77,6,13,7,9.181818182,1.652892562,6,3,4,1,3.909090909,0.165289256,4,121,139,18,129.7272727,5.024793388,124,1.61,1.91,0.3,1.815454545,0.093884298,1.66,1.636363636,0.462809917,1,1,1,0.090909091,0.165289256,0,0,10,10,6.545454545,1.950413223,5,0,0,0,0,3,11,8,8.272727273,1.884297521,6,0.363636364,0.462809917,5,5,0.454545455,0.826446281,0,0,5,5,2.545454545,1.58677686,0,1,6,5,3.363636364,1.487603306,1,10.245,16.48,6.235,11.23545455,0.953553719,10.245,0,0,0,0,2.1106628,2.1106628,0.773550673,0.768011874,0,194,35,220.8181818,9.752066116,194,426
11.11,22.22,22.22,22.22,0,0,0,22.22,0,0,0,0,0,0,0,900,7.9,189.5366,1666.562216,-0.000724372,127.539467,0.044319048,72.6594,155.0956,2.134556575,8.3325,6,0.41659779,0.313474295,0.251172732,0.228869032,0.213571251,1.636363636,0.090909091,6.545454545,0,0.022248763,0.002965528,0.909090909,-0.306834378,-1.812035556,16.36283018,0.035658292,13,29,16,25.54545455,2.842975207,24,49,73,24,58.81818182,5.256198347,49,26.9815386,63.546,36.5644614,55.00081169,6.187035722,51.9961,933.47,2180,1246.53,1693.000909,259.9986777,1357.77,6,13,7,9.181818182,1.652892562,6,3,4,1,3.909090909,0.165289256,4,121,139,18,129.7272727,5.024793388,124,1.61,1.91,0.3,1.815454545,0.093884298,1.66,1.636363636,0.462809917,1,1,1,0.090909091,0.165289256,0,0,10,10,6.545454545,1.950413223,5,0,0,0,0,3,11,8,8.272727273,1.884297521,6,0.363636364,0.462809917,5,5,0.454545455,0.826446281,0,0,5,5,2.545454545,1.58677686,0,1,6,5,3.363636364,1.487603306,1,10.245,16.48,6.235,11.23545455,0.953553719,10.245,0,0,0,0,2.1106628,2.1106628,0.773550673,0.768011874,0,194,35,220.8181818,9.752066116,194,230
11.11,22.22,22.22,22.22,0,0,0,22.22,0,0,0,0,0,0,0,1100,7.9,189.5366,1666.562216,-0.000724372,127.539467,0.044319048,72.6594,155.0956,2.134556575,8.3325,6,0.41659779,0.313474295,0.251172732,0.228869032,0.213571251,1.636363636,0.090909091,6.545454545,0,0.022248763,0.002965528,0.909090909,-0.306834378,-1.812035556,16.36283018,0.035658292,13,29,16,25.54545455,2.842975207,24,49,73,24,58.81818182,5.256198347,49,26.9815386,63.546,36.5644614,55.00081169,6.187035722,51.9961,933.47,2180,1246.53,1693.000909,259.9986777,1357.77,6,13,7,9.181818182,1.652892562,6,3,4,1,3.909090909,0.165289256,4,121,139,18,129.7272727,5.024793388,124,1.61,1.91,0.3,1.815454545,0.093884298,1.66,1.636363636,0.462809917,1,1,1,0.090909091,0.165289256,0,0,10,10,6.545454545,1.950413223,5,0,0,0,0,3,11,8,8.272727273,1.884297521,6,0.363636364,0.462809917,5,5,0.454545455,0.826446281,0,0,5,5,2.545454545,1.58677686,0,1,6,5,3.363636364,1.487603306,1,10.245,16.48,6.235,11.23545455,0.953553719,10.245,0,0,0,0,2.1106628,2.1106628,0.773550673,0.768011874,0,194,35,220.8181818,9.752066116,194,80
10,0,0,0,0,0,0,0,20,0,16,30,4,0,20,25,7.4,111.28,2264.892,2.00E-15,146.936,0.049170982,42.92,130.8,3.047530289,4.3,6,0.455192267,0.363827475,0.316680117,0.305275688,0.301079221,1.8,0.1,2.4,2.24,0.022248763,0.002468889,0.7,-0.583163876,-1.510759153,3.621252518,0.045356838,13,73,60,36.7,14.656,22,43,73,30,47.92,5.0416,43,26.9815386,180.94788,153.9663414,84.87365066,36.49698486,47.867,933.47,3290,2356.53,2264.967,522.02376,1941,4,13,9,5.3,1.54,4,3,6,3,4.62,0.7456,4,121,175,54,161.22,9.4336,160,1.33,1.63,0.3,1.5142,0.078224,1.54,1.8,0.32,2,1,1,0.1,0.18,0,0,4,4,2.4,0.88,2,14,14,2.24,3.7632,3,19,16,6.54,3.9872,4,0.2,0.32,5,5,0.5,0.9,0,0,8,8,6.6,1.56,8,5,8,3,7.3,0.7,8,13.01,23.195,10.185,18.3496,1.93816,16.69,0,0,0,0,2.25E-05,2.25E-05,6.76E-06,9.46E-06,2.25E-05,194,35,211.1,17.1,194,2035
10,0,0,0,0,0,0,0,20,0,16,30,4,0,20,800,7.4,111.28,2264.892,2.00E-15,146.936,0.049170982,42.92,130.8,3.047530289,4.3,6,0.455192267,0.363827475,0.316680117,0.305275688,0.301079221,1.8,0.1,2.4,2.24,0.022248763,0.002468889,0.7,-0.583163876,-1.510759153,3.621252518,0.045356838,13,73,60,36.7,14.656,22,43,73,30,47.92,5.0416,43,26.9815386,180.94788,153.9663414,84.87365066,36.49698486,47.867,933.47,3290,2356.53,2264.967,522.02376,1941,4,13,9,5.3,1.54,4,3,6,3,4.62,0.7456,4,121,175,54,161.22,9.4336,160,1.33,1.63,0.3,1.5142,0.078224,1.54,1.8,0.32,2,1,1,0.1,0.18,0,0,4,4,2.4,0.88,2,14,14,2.24,3.7632,3,19,16,6.54,3.9872,4,0.2,0.32,5,5,0.5,0.9,0,0,8,8,6.6,1.56,8,5,8,3,7.3,0.7,8,13.01,23.195,10.185,18.3496,1.93816,16.69,0,0,0,0,2.25E-05,2.25E-05,6.76E-06,9.46E-06,2.25E-05,194,35,211.1,17.1,194,796
10,0,0,0,0,0,0,0,20,0,16,30,4,0,20,1000,7.4,111.28,2264.892,2.00E-15,146.936,0.049170982,42.92,130.8,3.047530289,4.3,6,0.455192267,0.363827475,0.316680117,0.305275688,0.301079221,1.8,0.1,2.4,2.24,0.022248763,0.002468889,0.7,-0.583163876,-1.510759153,3.621252518,0.045356838,13,73,60,36.7,14.656,22,43,73,30,47.92,5.0416,43,26.9815386,180.94788,153.9663414,84.87365066,36.49698486,47.867,933.47,3290,2356.53,2264.967,522.02376,1941,4,13,9,5.3,1.54,4,3,6,3,4.62,0.7456,4,121,175,54,161.22,9.4336,160,1.33,1.63,0.3,1.5142,0.078224,1.54,1.8,0.32,2,1,1,0.1,0.18,0,0,4,4,2.4,0.88,2,14,14,2.24,3.7632,3,19,16,6.54,3.9872,4,0.2,0.32,5,5,0.5,0.9,0,0,8,8,6.6,1.56,8,5,8,3,7.3,0.7,8,13.01,23.195,10.185,18.3496,1.93816,16.69,0,0,0,0,2.25E-05,2.25E-05,6.76E-06,9.46E-06,2.25E-05,194,35,211.1,17.1,194,220
28.57,14.29,14.29,14.29,14.29,0,0,14.29,0,0,0,0,0,0,0,1000,6.7,167.0431,1530.545722,0.00156284,130.433377,0.062443842,64.0166,140.3202,2.191934592,7.1447,6,0.428571429,0.335904955,0.294132019,0.28728261,0.285853489,1.714285714,0.285714286,5.142857143,0,0.022248763,0.004088906,0.714285714,-0.49836691,-1.766709347,2.569861189,0.051920396,13,29,16,22.85714286,5.632653061,13,49,73,24,61.85714286,6.979591837,73,26.9815386,63.546,36.5644614,48.99668174,12.5800818,26.9815386,933.47,2180,1246.53,1530.244286,390.2922449,933.47,6,13,7,10,2,13,3,4,1,3.714285714,0.408163265,3,121,139,18,127.8571429,5.551020408,121,1.61,1.91,0.3,1.771428571,0.124081633,1.61,1.714285714,0.408163265,2,1,1,0.285714286,0.408163265,1,0,10,10,5.142857143,2.979591837,0,0,0,0,0,3,11,8,7.142857143,2.693877551,3,0.285714286,0.408163265,5,5,1.428571429,2.040816327,5,0,5,5,2,1.714285714,0,1,6,5,3.714285714,1.469387755,5,10.245,16.48,6.235,12.35928571,2.354693878,16.48,0,0,0,0,2.1106628,2.1106628,0.607789814,0.698158392,0,194,35,221.7142857,7.918367347,225,116
28.57,14.29,14.29,14.29,14.29,0,0,14.29,0,0,0,0,0,0,0,1100,6.7,167.0431,1530.545722,0.00156284,130.433377,0.062443842,64.0166,140.3202,2.191934592,7.1447,6,0.428571429,0.335904955,0.294132019,0.28728261,0.285853489,1.714285714,0.285714286,5.142857143,0,0.022248763,0.004088906,0.714285714,-0.49836691,-1.766709347,2.569861189,0.051920396,13,29,16,22.85714286,5.632653061,13,49,73,24,61.85714286,6.979591837,73,26.9815386,63.546,36.5644614,48.99668174,12.5800818,26.9815386,933.47,2180,1246.53,1530.244286,390.2922449,933.47,6,13,7,10,2,13,3,4,1,3.714285714,0.408163265,3,121,139,18,127.8571429,5.551020408,121,1.61,1.91,0.3,1.771428571,0.124081633,1.61,1.714285714,0.408163265,2,1,1,0.285714286,0.408163265,1,0,10,10,5.142857143,2.979591837,0,0,0,0,0,3,11,8,7.142857143,2.693877551,3,0.285714286,0.408163265,5,5,1.428571429,2.040816327,5,0,5,5,2,1.714285714,0,1,6,5,3.714285714,1.469387755,5,10.245,16.48,6.235,12.35928571,2.354693878,16.48,0,0,0,0,2.1106628,2.1106628,0.607789814,0.698158392,0,194,35,221.7142857,7.918367347,225,79
28.57,14.29,14.29,14.29,14.29,0,0,14.29,0,0,0,0,0,0,0,25,6.7,167.0431,1530.545722,0.00156284,130.433377,0.062443842,64.0166,140.3202,2.191934592,7.1447,6,0.428571429,0.335904955,0.294132019,0.28728261,0.285853489,1.714285714,0.285714286,5.142857143,0,0.022248763,0.004088906,0.714285714,-0.49836691,-1.766709347,2.569861189,0.051920396,13,29,16,22.85714286,5.632653061,13,49,73,24,61.85714286,6.979591837,73,26.9815386,63.546,36.5644614,48.99668174,12.5800818,26.9815386,933.47,2180,1246.53,1530.244286,390.2922449,933.47,6,13,7,10,2,13,3,4,1,3.714285714,0.408163265,3,121,139,18,127.8571429,5.551020408,121,1.61,1.91,0.3,1.771428571,0.124081633,1.61,1.714285714,0.408163265,2,1,1,0.285714286,0.408163265,1,0,10,10,5.142857143,2.979591837,0,0,0,0,0,3,11,8,7.142857143,2.693877551,3,0.285714286,0.408163265,5,5,1.428571429,2.040816327,5,0,5,5,2,1.714285714,0,1,6,5,3.714285714,1.469387755,5,10.245,16.48,6.235,12.35928571,2.354693878,16.48,0,0,0,0,2.1106628,2.1106628,0.607789814,0.698158392,0,194,35,221.7142857,7.918367347,225,1620
28.57,14.29,14.29,14.29,14.29,0,0,14.29,0,0,0,0,0,0,0,600,6.7,167.0431,1530.545722,0.00156284,130.433377,0.062443842,64.0166,140.3202,2.191934592,7.1447,6,0.428571429,0.335904955,0.294132019,0.28728261,0.285853489,1.714285714,0.285714286,5.142857143,0,0.022248763,0.004088906,0.714285714,-0.49836691,-1.766709347,2.569861189,0.051920396,13,29,16,22.85714286,5.632653061,13,49,73,24,61.85714286,6.979591837,73,26.9815386,63.546,36.5644614,48.99668174,12.5800818,26.9815386,933.47,2180,1246.53,1530.244286,390.2922449,933.47,6,13,7,10,2,13,3,4,1,3.714285714,0.408163265,3,121,139,18,127.8571429,5.551020408,121,1.61,1.91,0.3,1.771428571,0.124081633,1.61,1.714285714,0.408163265,2,1,1,0.285714286,0.408163265,1,0,10,10,5.142857143,2.979591837,0,0,0,0,0,3,11,8,7.142857143,2.693877551,3,0.285714286,0.408163265,5,5,1.428571429,2.040816327,5,0,5,5,2,1.714285714,0,1,6,5,3.714285714,1.469387755,5,10.245,16.48,6.235,12.35928571,2.354693878,16.48,0,0,0,0,2.1106628,2.1106628,0.607789814,0.698158392,0,194,35,221.7142857,7.918367347,225,805
28.57,14.29,14.29,14.29,14.29,0,0,14.29,0,0,0,0,0,0,0,500,6.7,167.0431,1530.545722,0.00156284,130.433377,0.062443842,64.0166,140.3202,2.191934592,7.1447,6,0.428571429,0.335904955,0.294132019,0.28728261,0.285853489,1.714285714,0.285714286,5.142857143,0,0.022248763,0.004088906,0.714285714,-0.49836691,-1.766709347,2.569861189,0.051920396,13,29,16,22.85714286,5.632653061,13,49,73,24,61.85714286,6.979591837,73,26.9815386,63.546,36.5644614,48.99668174,12.5800818,26.9815386,933.47,2180,1246.53,1530.244286,390.2922449,933.47,6,13,7,10,2,13,3,4,1,3.714285714,0.408163265,3,121,139,18,127.8571429,5.551020408,121,1.61,1.91,0.3,1.771428571,0.124081633,1.61,1.714285714,0.408163265,2,1,1,0.285714286,0.408163265,1,0,10,10,5.142857143,2.979591837,0,0,0,0,0,3,11,8,7.142857143,2.693877551,3,0.285714286,0.408163265,5,5,1.428571429,2.040816327,5,0,5,5,2,1.714285714,0,1,6,5,3.714285714,1.469387755,5,10.245,16.48,6.235,12.35928571,2.354693878,16.48,0,0,0,0,2.1106628,2.1106628,0.607789814,0.698158392,0,194,35,221.7142857,7.918367347,225,1120
28.57,14.29,14.29,14.29,14.29,0,0,14.29,0,0,0,0,0,0,0,700,6.7,167.0431,1530.545722,0.00156284,130.433377,0.062443842,64.0166,140.3202,2.191934592,7.1447,6,0.428571429,0.335904955,0.294132019,0.28728261,0.285853489,1.714285714,0.285714286,5.142857143,0,0.022248763,0.004088906,0.714285714,-0.49836691,-1.766709347,2.569861189,0.051920396,13,29,16,22.85714286,5.632653061,13,49,73,24,61.85714286,6.979591837,73,26.9815386,63.546,36.5644614,48.99668174,12.5800818,26.9815386,933.47,2180,1246.53,1530.244286,390.2922449,933.47,6,13,7,10,2,13,3,4,1,3.714285714,0.408163265,3,121,139,18,127.8571429,5.551020408,121,1.61,1.91,0.3,1.771428571,0.124081633,1.61,1.714285714,0.408163265,2,1,1,0.285714286,0.408163265,1,0,10,10,5.142857143,2.979591837,0,0,0,0,0,3,11,8,7.142857143,2.693877551,3,0.285714286,0.408163265,5,5,1.428571429,2.040816327,5,0,5,5,2,1.714285714,0,1,6,5,3.714285714,1.469387755,5,10.245,16.48,6.235,12.35928571,2.354693878,16.48,0,0,0,0,2.1106628,2.1106628,0.607789814,0.698158392,0,194,35,221.7142857,7.918367347,225,567
28.57,14.29,14.29,14.29,14.29,0,0,14.29,0,0,0,0,0,0,0,900,6.7,167.0431,1530.545722,0.00156284,130.433377,0.062443842,64.0166,140.3202,2.191934592,7.1447,6,0.428571429,0.335904955,0.294132019,0.28728261,0.285853489,1.714285714,0.285714286,5.142857143,0,0.022248763,0.004088906,0.714285714,-0.49836691,-1.766709347,2.569861189,0.051920396,13,29,16,22.85714286,5.632653061,13,49,73,24,61.85714286,6.979591837,73,26.9815386,63.546,36.5644614,48.99668174,12.5800818,26.9815386,933.47,2180,1246.53,1530.244286,390.2922449,933.47,6,13,7,10,2,13,3,4,1,3.714285714,0.408163265,3,121,139,18,127.8571429,5.551020408,121,1.61,1.91,0.3,1.771428571,0.124081633,1.61,1.714285714,0.408163265,2,1,1,0.285714286,0.408163265,1,0,10,10,5.142857143,2.979591837,0,0,0,0,0,3,11,8,7.142857143,2.693877551,3,0.285714286,0.408163265,5,5,1.428571429,2.040816327,5,0,5,5,2,1.714285714,0,1,6,5,3.714285714,1.469387755,5,10.245,16.48,6.235,12.35928571,2.354693878,16.48,0,0,0,0,2.1106628,2.1106628,0.607789814,0.698158392,0,194,35,221.7142857,7.918367347,225,214
28.57,14.29,14.29,14.29,14.29,0,0,14.29,0,0,0,0,0,0,0,800,6.7,167.0431,1530.545722,0.00156284,130.433377,0.062443842,64.0166,140.3202,2.191934592,7.1447,6,0.428571429,0.335904955,0.294132019,0.28728261,0.285853489,1.714285714,0.285714286,5.142857143,0,0.022248763,0.004088906,0.714285714,-0.49836691,-1.766709347,2.569861189,0.051920396,13,29,16,22.85714286,5.632653061,13,49,73,24,61.85714286,6.979591837,73,26.9815386,63.546,36.5644614,48.99668174,12.5800818,26.9815386,933.47,2180,1246.53,1530.244286,390.2922449,933.47,6,13,7,10,2,13,3,4,1,3.714285714,0.408163265,3,121,139,18,127.8571429,5.551020408,121,1.61,1.91,0.3,1.771428571,0.124081633,1.61,1.714285714,0.408163265,2,1,1,0.285714286,0.408163265,1,0,10,10,5.142857143,2.979591837,0,0,0,0,0,3,11,8,7.142857143,2.693877551,3,0.285714286,0.408163265,5,5,1.428571429,2.040816327,5,0,5,5,2,1.714285714,0,1,6,5,3.714285714,1.469387755,5,10.245,16.48,6.235,12.35928571,2.354693878,16.48,0,0,0,0,2.1106628,2.1106628,0.607789814,0.698158392,0,194,35,221.7142857,7.918367347,225,302
16.67,16.67,16.67,16.67,16.67,0,0,16.67,0,0,0,0,0,0,0,1000,7.4,183.2033,1629.982598,0.001489965,128.307323,0.052705858,70.3474,151.0302,2.146919431,7.8349,6,0.40824829,0.302853432,0.238494847,0.215284724,0.199371866,1.666666667,0.166666667,6,0,0.022248763,0.003516397,0.833333333,-0.482183537,-1.794272132,5.08128114,0.044231102,13,29,16,24.5,4,13,49,73,24,60,6,49,26.9815386,63.546,36.5644614,52.66587227,8.784701978,26.9815386,933.47,2180,1246.53,1629.706667,322.7244444,933.47,6,13,7,9.5,1.833333333,6,3,4,1,3.833333333,0.277777778,3,121,139,18,129,5.333333333,121,1.61,1.91,0.3,1.798333333,0.108888889,1.61,1.666666667,0.444444444,1,1,1,0.166666667,0.277777778,0,0,10,10,6,2.333333333,0,0,0,0,0,3,11,8,7.833333333,2.222222222,3,0.333333333,0.444444444,5,5,0.833333333,1.388888889,0,0,5,5,2.333333333,1.666666667,0,1,6,5,3.5,1.5,1,10.245,16.48,6.235,11.6725,1.6025,10.245,0,0,0,0,2.1106628,2.1106628,0.709088117,0.746985922,0,194,35,221.1666667,9.055555556,194,47
16.67,16.67,16.67,16.67,16.67,0,0,16.67,0,0,0,0,0,0,0,25,7.4,183.2033,1629.982598,0.001489965,128.307323,0.052705858,70.3474,151.0302,2.146919431,7.8349,6,0.40824829,0.302853432,0.238494847,0.215284724,0.199371866,1.666666667,0.166666667,6,0,0.022248763,0.003516397,0.833333333,-0.482183537,-1.794272132,5.08128114,0.044231102,13,29,16,24.5,4,13,49,73,24,60,6,49,26.9815386,63.546,36.5644614,52.66587227,8.784701978,26.9815386,933.47,2180,1246.53,1629.706667,322.7244444,933.47,6,13,7,9.5,1.833333333,6,3,4,1,3.833333333,0.277777778,3,121,139,18,129,5.333333333,121,1.61,1.91,0.3,1.798333333,0.108888889,1.61,1.666666667,0.444444444,1,1,1,0.166666667,0.277777778,0,0,10,10,6,2.333333333,0,0,0,0,0,3,11,8,7.833333333,2.222222222,3,0.333333333,0.444444444,5,5,0.833333333,1.388888889,0,0,5,5,2.333333333,1.666666667,0,1,6,5,3.5,1.5,1,10.245,16.48,6.235,11.6725,1.6025,10.245,0,0,0,0,2.1106628,2.1106628,0.709088117,0.746985922,0,194,35,221.1666667,9.055555556,194,948
16.67,16.67,16.67,16.67,16.67,0,0,16.67,0,0,0,0,0,0,0,600,7.4,183.2033,1629.982598,0.001489965,128.307323,0.052705858,70.3474,151.0302,2.146919431,7.8349,6,0.40824829,0.302853432,0.238494847,0.215284724,0.199371866,1.666666667,0.166666667,6,0,0.022248763,0.003516397,0.833333333,-0.482183537,-1.794272132,5.08128114,0.044231102,13,29,16,24.5,4,13,49,73,24,60,6,49,26.9815386,63.546,36.5644614,52.66587227,8.784701978,26.9815386,933.47,2180,1246.53,1629.706667,322.7244444,933.47,6,13,7,9.5,1.833333333,6,3,4,1,3.833333333,0.277777778,3,121,139,18,129,5.333333333,121,1.61,1.91,0.3,1.798333333,0.108888889,1.61,1.666666667,0.444444444,1,1,1,0.166666667,0.277777778,0,0,10,10,6,2.333333333,0,0,0,0,0,3,11,8,7.833333333,2.222222222,3,0.333333333,0.444444444,5,5,0.833333333,1.388888889,0,0,5,5,2.333333333,1.666666667,0,1,6,5,3.5,1.5,1,10.245,16.48,6.235,11.6725,1.6025,10.245,0,0,0,0,2.1106628,2.1106628,0.709088117,0.746985922,0,194,35,221.1666667,9.055555556,194,561
16.67,16.67,16.67,16.67,16.67,0,0,16.67,0,0,0,0,0,0,0,700,7.4,183.2033,1629.982598,0.001489965,128.307323,0.052705858,70.3474,151.0302,2.146919431,7.8349,6,0.40824829,0.302853432,0.238494847,0.215284724,0.199371866,1.666666667,0.166666667,6,0,0.022248763,0.003516397,0.833333333,-0.482183537,-1.794272132,5.08128114,0.044231102,13,29,16,24.5,4,13,49,73,24,60,6,49,26.9815386,63.546,36.5644614,52.66587227,8.784701978,26.9815386,933.47,2180,1246.53,1629.706667,322.7244444,933.47,6,13,7,9.5,1.833333333,6,3,4,1,3.833333333,0.277777778,3,121,139,18,129,5.333333333,121,1.61,1.91,0.3,1.798333333,0.108888889,1.61,1.666666667,0.444444444,1,1,1,0.166666667,0.277777778,0,0,10,10,6,2.333333333,0,0,0,0,0,3,11,8,7.833333333,2.222222222,3,0.333333333,0.444444444,5,5,0.833333333,1.388888889,0,0,5,5,2.333333333,1.666666667,0,1,6,5,3.5,1.5,1,10.245,16.48,6.235,11.6725,1.6025,10.245,0,0,0,0,2.1106628,2.1106628,0.709088117,0.746985922,0,194,35,221.1666667,9.055555556,194,307
16.67,16.67,16.67,16.67,16.67,0,0,16.67,0,0,0,0,0,0,0,800,7.4,183.2033,1629.982598,0.001489965,128.307323,0.052705858,70.3474,151.0302,2.146919431,7.8349,6,0.40824829,0.302853432,0.238494847,0.215284724,0.199371866,1.666666667,0.166666667,6,0,0.022248763,0.003516397,0.833333333,-0.482183537,-1.794272132,5.08128114,0.044231102,13,29,16,24.5,4,13,49,73,24,60,6,49,26.9815386,63.546,36.5644614,52.66587227,8.784701978,26.9815386,933.47,2180,1246.53,1629.706667,322.7244444,933.47,6,13,7,9.5,1.833333333,6,3,4,1,3.833333333,0.277777778,3,121,139,18,129,5.333333333,121,1.61,1.91,0.3,1.798333333,0.108888889,1.61,1.666666667,0.444444444,1,1,1,0.166666667,0.277777778,0,0,10,10,6,2.333333333,0,0,0,0,0,3,11,8,7.833333333,2.222222222,3,0.333333333,0.444444444,5,5,0.833333333,1.388888889,0,0,5,5,2.333333333,1.666666667,0,1,6,5,3.5,1.5,1,10.245,16.48,6.235,11.6725,1.6025,10.245,0,0,0,0,2.1106628,2.1106628,0.709088117,0.746985922,0,194,35,221.1666667,9.055555556,194,172
16.67,16.67,16.67,16.67,16.67,0,0,16.67,0,0,0,0,0,0,0,900,7.4,183.2033,1629.982598,0.001489965,128.307323,0.052705858,70.3474,151.0302,2.146919431,7.8349,6,0.40824829,0.302853432,0.238494847,0.215284724,0.199371866,1.666666667,0.166666667,6,0,0.022248763,0.003516397,0.833333333,-0.482183537,-1.794272132,5.08128114,0.044231102,13,29,16,24.5,4,13,49,73,24,60,6,49,26.9815386,63.546,36.5644614,52.66587227,8.784701978,26.9815386,933.47,2180,1246.53,1629.706667,322.7244444,933.47,6,13,7,9.5,1.833333333,6,3,4,1,3.833333333,0.277777778,3,121,139,18,129,5.333333333,121,1.61,1.91,0.3,1.798333333,0.108888889,1.61,1.666666667,0.444444444,1,1,1,0.166666667,0.277777778,0,0,10,10,6,2.333333333,0,0,0,0,0,3,11,8,7.833333333,2.222222222,3,0.333333333,0.444444444,5,5,0.833333333,1.388888889,0,0,5,5,2.333333333,1.666666667,0,1,6,5,3.5,1.5,1,10.245,16.48,6.235,11.6725,1.6025,10.245,0,0,0,0,2.1106628,2.1106628,0.709088117,0.746985922,0,194,35,221.1666667,9.055555556,194,98
20,0,20,0,0,0,20,0,20,0,0,20,0,0,0,400,6.6,179.8,2140.064,1.08E-15,138.678,0.05484482,48.6,149.2,3.069958848,4.8,5,0.447213595,0.341995189,0.275945932,0.25169979,0.234923789,1.4,0.2,3.2,0,0.091626826,0.012308888,0.8,-0.799236126,-1.700613741,2.105611232,0.033743998,13,42,29,28.4,10.48,13,43,73,30,52.4,8.24,43,26.9815386,95.96,68.9784614,63.14220372,25.03278902,26.9815386,933.47,2896,1962.53,2140.094,562.2872,933.47,4,13,9,6.8,2.48,4,3,5,2,4.2,0.64,3,121,164,43,147.6,14.08,121,1.54,2.16,0.62,1.714,0.1784,1.54,1.4,0.48,1,1,1,0.2,0.32,0,0,5,5,3.2,1.76,0,0,0,0,0,3,6,3,4.8,1.04,3,0.6,0.48,5,5,1,1.6,0,0,8,8,4.8,1.92,0,5,8,3,6.4,0.88,5,11.19,18.18,6.99,15.646,1.7824,11.19,0,0,0,0,2.25E-05,2.25E-05,4.51E-06,7.21E-06,0,194,35,221.2,10.88,194,1080
20,0,20,0,0,0,20,0,20,0,0,20,0,0,0,600,6.6,179.8,2140.064,1.08E-15,138.678,0.05484482,48.6,149.2,3.069958848,4.8,5,0.447213595,0.341995189,0.275945932,0.25169979,0.234923789,1.4,0.2,3.2,0,0.091626826,0.012308888,0.8,-0.799236126,-1.700613741,2.105611232,0.033743998,13,42,29,28.4,10.48,13,43,73,30,52.4,8.24,43,26.9815386,95.96,68.9784614,63.14220372,25.03278902,26.9815386,933.47,2896,1962.53,2140.094,562.2872,933.47,4,13,9,6.8,2.48,4,3,5,2,4.2,0.64,3,121,164,43,147.6,14.08,121,1.54,2.16,0.62,1.714,0.1784,1.54,1.4,0.48,1,1,1,0.2,0.32,0,0,5,5,3.2,1.76,0,0,0,0,0,3,6,3,4.8,1.04,3,0.6,0.48,5,5,1,1.6,0,0,8,8,4.8,1.92,0,5,8,3,6.4,0.88,5,11.19,18.18,6.99,15.646,1.7824,11.19,0,0,0,0,2.25E-05,2.25E-05,4.51E-06,7.21E-06,0,194,35,221.2,10.88,194,1060
20,0,20,0,0,0,20,0,20,0,0,20,0,0,0,800,6.6,179.8,2140.064,1.08E-15,138.678,0.05484482,48.6,149.2,3.069958848,4.8,5,0.447213595,0.341995189,0.275945932,0.25169979,0.234923789,1.4,0.2,3.2,0,0.091626826,0.012308888,0.8,-0.799236126,-1.700613741,2.105611232,0.033743998,13,42,29,28.4,10.48,13,43,73,30,52.4,8.24,43,26.9815386,95.96,68.9784614,63.14220372,25.03278902,26.9815386,933.47,2896,1962.53,2140.094,562.2872,933.47,4,13,9,6.8,2.48,4,3,5,2,4.2,0.64,3,121,164,43,147.6,14.08,121,1.54,2.16,0.62,1.714,0.1784,1.54,1.4,0.48,1,1,1,0.2,0.32,0,0,5,5,3.2,1.76,0,0,0,0,0,3,6,3,4.8,1.04,3,0.6,0.48,5,5,1,1.6,0,0,8,8,4.8,1.92,0,5,8,3,6.4,0.88,5,11.19,18.18,6.99,15.646,1.7824,11.19,0,0,0,0,2.25E-05,2.25E-05,4.51E-06,7.21E-06,0,194,35,221.2,10.88,194,860
20,0,20,0,0,0,20,0,20,0,0,20,0,0,0,1000,6.6,179.8,2140.064,1.08E-15,138.678,0.05484482,48.6,149.2,3.069958848,4.8,5,0.447213595,0.341995189,0.275945932,0.25169979,0.234923789,1.4,0.2,3.2,0,0.091626826,0.012308888,0.8,-0.799236126,-1.700613741,2.105611232,0.033743998,13,42,29,28.4,10.48,13,43,73,30,52.4,8.24,43,26.9815386,95.96,68.9784614,63.14220372,25.03278902,26.9815386,933.47,2896,1962.53,2140.094,562.2872,933.47,4,13,9,6.8,2.48,4,3,5,2,4.2,0.64,3,121,164,43,147.6,14.08,121,1.54,2.16,0.62,1.714,0.1784,1.54,1.4,0.48,1,1,1,0.2,0.32,0,0,5,5,3.2,1.76,0,0,0,0,0,3,6,3,4.8,1.04,3,0.6,0.48,5,5,1,1.6,0,0,8,8,4.8,1.92,0,5,8,3,6.4,0.88,5,11.19,18.18,6.99,15.646,1.7824,11.19,0,0,0,0,2.25E-05,2.25E-05,4.51E-06,7.21E-06,0,194,35,221.2,10.88,194,594
20,0,20,0,0,0,20,0,20,0,0,20,0,0,0,1200,6.6,179.8,2140.064,1.08E-15,138.678,0.05484482,48.6,149.2,3.069958848,4.8,5,0.447213595,0.341995189,0.275945932,0.25169979,0.234923789,1.4,0.2,3.2,0,0.091626826,0.012308888,0.8,-0.799236126,-1.700613741,2.105611232,0.033743998,13,42,29,28.4,10.48,13,43,73,30,52.4,8.24,43,26.9815386,95.96,68.9784614,63.14220372,25.03278902,26.9815386,933.47,2896,1962.53,2140.094,562.2872,933.47,4,13,9,6.8,2.48,4,3,5,2,4.2,0.64,3,121,164,43,147.6,14.08,121,1.54,2.16,0.62,1.714,0.1784,1.54,1.4,0.48,1,1,1,0.2,0.32,0,0,5,5,3.2,1.76,0,0,0,0,0,3,6,3,4.8,1.04,3,0.6,0.48,5,5,1,1.6,0,0,8,8,4.8,1.92,0,5,8,3,6.4,0.88,5,11.19,18.18,6.99,15.646,1.7824,11.19,0,0,0,0,2.25E-05,2.25E-05,4.51E-06,7.21E-06,0,194,35,221.2,10.88,194,105
20,0,0,0,0,0,10,0,20,0,10,20,0,0,20,25,7.4,123.3,2169.004,3.33E-16,146.42,0.050350516,37.1,132,3.557951482,4.3,6,0.424264069,0.32396118,0.264721168,0.243938554,0.229750886,1.7,0.2,2.4,1.4,0.158210251,0.011278993,0.6,-0.988571242,-1.568621434,1.871994062,0.045245366,13,73,60,34.7,13.76,13,43,73,30,51.2,8.72,43,26.9815386,180.94788,153.9663414,79.48657172,33.64984194,26.9815386,933.47,3290,2356.53,2169.094,601.9248,933.47,4,13,9,6.3,2.68,4,3,6,3,4.5,0.8,3,121,175,54,156.4,14.64,121,1.33,2.16,0.83,1.582,0.134,1.33,1.7,0.42,1,1,1,0.2,0.32,0,0,5,5,2.4,1.28,0,14,14,1.4,2.52,3,19,16,5.7,2.72,3,0.3,0.42,5,5,1,1.6,0,0,8,8,5.6,2.36,0,5,8,3,6.9,0.94,5,15.69,23.195,7.505,18.29,1.962,16.48,0,0,0,0,2.25E-05,2.25E-05,4.51E-06,7.21E-06,0,194,35,214.2,16.16,194,2000
20,0,0,0,0,0,10,0,20,0,10,20,0,0,20,800,7.4,123.3,2169.004,3.33E-16,146.42,0.050350516,37.1,132,3.557951482,4.3,6,0.424264069,0.32396118,0.264721168,0.243938554,0.229750886,1.7,0.2,2.4,1.4,0.158210251,0.011278993,0.6,-0.988571242,-1.568621434,1.871994062,0.045245366,13,73,60,34.7,13.76,13,43,73,30,51.2,8.72,43,26.9815386,180.94788,153.9663414,79.48657172,33.64984194,26.9815386,933.47,3290,2356.53,2169.094,601.9248,933.47,4,13,9,6.3,2.68,4,3,6,3,4.5,0.8,3,121,175,54,156.4,14.64,121,1.33,2.16,0.83,1.582,0.134,1.33,1.7,0.42,1,1,1,0.2,0.32,0,0,5,5,2.4,1.28,0,14,14,1.4,2.52,3,19,16,5.7,2.72,3,0.3,0.42,5,5,1,1.6,0,0,8,8,5.6,2.36,0,5,8,3,6.9,0.94,5,15.69,23.195,7.505,18.29,1.962,16.48,0,0,0,0,2.25E-05,2.25E-05,4.51E-06,7.21E-06,0,194,35,214.2,16.16,194,1597
20,0,0,0,0,0,10,0,20,0,10,20,0,0,20,1000,7.4,123.3,2169.004,3.33E-16,146.42,0.050350516,37.1,132,3.557951482,4.3,6,0.424264069,0.32396118,0.264721168,0.243938554,0.229750886,1.7,0.2,2.4,1.4,0.158210251,0.011278993,0.6,-0.988571242,-1.568621434,1.871994062,0.045245366,13,73,60,34.7,13.76,13,43,73,30,51.2,8.72,43,26.9815386,180.94788,153.9663414,79.48657172,33.64984194,26.9815386,933.47,3290,2356.53,2169.094,601.9248,933.47,4,13,9,6.3,2.68,4,3,6,3,4.5,0.8,3,121,175,54,156.4,14.64,121,1.33,2.16,0.83,1.582,0.134,1.33,1.7,0.42,1,1,1,0.2,0.32,0,0,5,5,2.4,1.28,0,14,14,1.4,2.52,3,19,16,5.7,2.72,3,0.3,0.42,5,5,1,1.6,0,0,8,8,5.6,2.36,0,5,8,3,6.9,0.94,5,15.69,23.195,7.505,18.29,1.962,16.48,0,0,0,0,2.25E-05,2.25E-05,4.51E-06,7.21E-06,0,194,35,214.2,16.16,194,745
20,0,0,0,0,0,10,0,20,0,10,20,0,0,20,1200,7.4,123.3,2169.004,3.33E-16,146.42,0.050350516,37.1,132,3.557951482,4.3,6,0.424264069,0.32396118,0.264721168,0.243938554,0.229750886,1.7,0.2,2.4,1.4,0.158210251,0.011278993,0.6,-0.988571242,-1.568621434,1.871994062,0.045245366,13,73,60,34.7,13.76,13,43,73,30,51.2,8.72,43,26.9815386,180.94788,153.9663414,79.48657172,33.64984194,26.9815386,933.47,3290,2356.53,2169.094,601.9248,933.47,4,13,9,6.3,2.68,4,3,6,3,4.5,0.8,3,121,175,54,156.4,14.64,121,1.33,2.16,0.83,1.582,0.134,1.33,1.7,0.42,1,1,1,0.2,0.32,0,0,5,5,2.4,1.28,0,14,14,1.4,2.52,3,19,16,5.7,2.72,3,0.3,0.42,5,5,1,1.6,0,0,8,8,5.6,2.36,0,5,8,3,6.9,0.94,5,15.69,23.195,7.505,18.29,1.962,16.48,0,0,0,0,2.25E-05,2.25E-05,4.51E-06,7.21E-06,0,194,35,214.2,16.16,194,250
20,0,0,0,0,0,0,0,30,0,10,30,0,0,10,25,6.9,105.7,2135.734,6.66E-16,145.674,0.034726887,40,128.1,3.2025,4.2,5,0.489897949,0.4,0.349301675,0.332615609,0.32181029,1.7,0.2,2.3,1.4,0.019409169,0.001634135,0.7,-0.808813074,-1.544726782,1.767229662,0.033304386,13,73,60,32.8,14.4,22,43,73,30,50.8,8.88,43,26.9815386,180.94788,153.9663414,74.84550972,35.33269428,47.867,933.47,3290,2356.53,2135.794,599.3648,1941,4,13,9,6.2,2.72,4,3,6,3,4.4,0.8,4,121,175,54,155.9,13.96,160,1.33,1.61,0.28,1.547,0.057,1.54,1.7,0.42,1,1,1,0.2,0.32,0,0,4,4,2.3,1.16,2,14,14,1.4,2.52,3,19,16,5.6,2.68,4,0.3,0.42,5,5,1,1.6,0,0,8,8,5.7,2.28,6,5,8,3,7,0.8,7,16.48,23.195,6.715,17.8885,1.2825,16.69,0,0,0,0,2.25E-05,2.25E-05,6.76E-06,9.46E-06,0,194,35,214.2,16.16,194,1280
20,0,0,0,0,0,0,0,30,0,10,30,0,0,10,800,6.9,105.7,2135.734,6.66E-16,145.674,0.034726887,40,128.1,3.2025,4.2,5,0.489897949,0.4,0.349301675,0.332615609,0.32181029,1.7,0.2,2.3,1.4,0.019409169,0.001634135,0.7,-0.808813074,-1.544726782,1.767229662,0.033304386,13,73,60,32.8,14.4,22,43,73,30,50.8,8.88,43,26.9815386,180.94788,153.9663414,74.84550972,35.33269428,47.867,933.47,3290,2356.53,2135.794,599.3648,1941,4,13,9,6.2,2.72,4,3,6,3,4.4,0.8,4,121,175,54,155.9,13.96,160,1.33,1.61,0.28,1.547,0.057,1.54,1.7,0.42,1,1,1,0.2,0.32,0,0,4,4,2.3,1.16,2,14,14,1.4,2.52,3,19,16,5.6,2.68,4,0.3,0.42,5,5,1,1.6,0,0,8,8,5.7,2.28,6,5,8,3,7,0.8,7,16.48,23.195,6.715,17.8885,1.2825,16.69,0,0,0,0,2.25E-05,2.25E-05,6.76E-06,9.46E-06,0,194,35,214.2,16.16,194,728
20,0,0,0,0,0,0,0,30,0,10,30,0,0,10,1000,6.9,105.7,2135.734,6.66E-16,145.674,0.034726887,40,128.1,3.2025,4.2,5,0.489897949,0.4,0.349301675,0.332615609,0.32181029,1.7,0.2,2.3,1.4,0.019409169,0.001634135,0.7,-0.808813074,-1.544726782,1.767229662,0.033304386,13,73,60,32.8,14.4,22,43,73,30,50.8,8.88,43,26.9815386,180.94788,153.9663414,74.84550972,35.33269428,47.867,933.47,3290,2356.53,2135.794,599.3648,1941,4,13,9,6.2,2.72,4,3,6,3,4.4,0.8,4,121,175,54,155.9,13.96,160,1.33,1.61,0.28,1.547,0.057,1.54,1.7,0.42,1,1,1,0.2,0.32,0,0,4,4,2.3,1.16,2,14,14,1.4,2.52,3,19,16,5.6,2.68,4,0.3,0.42,5,5,1,1.6,0,0,8,8,5.7,2.28,6,5,8,3,7,0.8,7,16.48,23.195,6.715,17.8885,1.2825,16.69,0,0,0,0,2.25E-05,2.25E-05,6.76E-06,9.46E-06,0,194,35,214.2,16.16,194,403
25,0,0,0,0,0,0,0,25,0,0,25,25,0,0,25,5.6,104.75,1951.83,-4.44E-16,140.955,0.0393716,38.75,129,3.329032258,4.25,4,0.5,0.396850263,0.329876978,0.304753414,0.287174589,1.75,0.25,2.25,0,0.002022951,0.000281048,0.75,-0.763183918,-1.594643276,1.384402722,0.025253814,13,41,28,24.75,8.125,13,43,73,30,52.25,10.375,43,26.9815386,92.90638,65.9248414,54.67410465,19.11613767,26.9815386,933.47,2750,1816.53,1951.8675,514.6325,933.47,4,13,9,6.75,3.125,4,3,5,2,4,0.5,3,121,164,43,149.5,14.25,121,1.54,1.63,0.09,1.595,0.0275,1.54,1.75,0.375,1,1,1,0.25,0.375,0,0,4,4,2.25,1.25,0,0,0,0,0,3,5,2,4.25,0.75,3,0.25,0.375,5,5,1.25,1.875,0,0,8,8,5.25,2.625,0,5,8,3,6.75,0.875,5,13.01,18.18,5.17,16.09,1.54,13.01,0,0,0,0,2.25E-05,2.25E-05,5.63E-06,8.45E-06,0,194,35,219.25,12.625,194,1020
25,0,0,0,0,0,0,0,25,0,0,25,25,0,0,600,5.6,104.75,1951.83,-4.44E-16,140.955,0.0393716,38.75,129,3.329032258,4.25,4,0.5,0.396850263,0.329876978,0.304753414,0.287174589,1.75,0.25,2.25,0,0.002022951,0.000281048,0.75,-0.763183918,-1.594643276,1.384402722,0.025253814,13,41,28,24.75,8.125,13,43,73,30,52.25,10.375,43,26.9815386,92.90638,65.9248414,54.67410465,19.11613767,26.9815386,933.47,2750,1816.53,1951.8675,514.6325,933.47,4,13,9,6.75,3.125,4,3,5,2,4,0.5,3,121,164,43,149.5,14.25,121,1.54,1.63,0.09,1.595,0.0275,1.54,1.75,0.375,1,1,1,0.25,0.375,0,0,4,4,2.25,1.25,0,0,0,0,0,3,5,2,4.25,0.75,3,0.25,0.375,5,5,1.25,1.875,0,0,8,8,5.25,2.625,0,5,8,3,6.75,0.875,5,13.01,18.18,5.17,16.09,1.54,13.01,0,0,0,0,2.25E-05,2.25E-05,5.63E-06,8.45E-06,0,194,35,219.25,12.625,194,810
25,0,0,0,0,0,0,0,25,0,0,25,25,0,0,800,5.6,104.75,1951.83,-4.44E-16,140.955,0.0393716,38.75,129,3.329032258,4.25,4,0.5,0.396850263,0.329876978,0.304753414,0.287174589,1.75,0.25,2.25,0,0.002022951,0.000281048,0.75,-0.763183918,-1.594643276,1.384402722,0.025253814,13,41,28,24.75,8.125,13,43,73,30,52.25,10.375,43,26.9815386,92.90638,65.9248414,54.67410465,19.11613767,26.9815386,933.47,2750,1816.53,1951.8675,514.6325,933.47,4,13,9,6.75,3.125,4,3,5,2,4,0.5,3,121,164,43,149.5,14.25,121,1.54,1.63,0.09,1.595,0.0275,1.54,1.75,0.375,1,1,1,0.25,0.375,0,0,4,4,2.25,1.25,0,0,0,0,0,3,5,2,4.25,0.75,3,0.25,0.375,5,5,1.25,1.875,0,0,8,8,5.25,2.625,0,5,8,3,6.75,0.875,5,13.01,18.18,5.17,16.09,1.54,13.01,0,0,0,0,2.25E-05,2.25E-05,5.63E-06,8.45E-06,0,194,35,219.25,12.625,194,685
25,0,0,0,0,0,0,0,25,0,0,25,25,0,0,1000,5.6,104.75,1951.83,-4.44E-16,140.955,0.0393716,38.75,129,3.329032258,4.25,4,0.5,0.396850263,0.329876978,0.304753414,0.287174589,1.75,0.25,2.25,0,0.002022951,0.000281048,0.75,-0.763183918,-1.594643276,1.384402722,0.025253814,13,41,28,24.75,8.125,13,43,73,30,52.25,10.375,43,26.9815386,92.90638,65.9248414,54.67410465,19.11613767,26.9815386,933.47,2750,1816.53,1951.8675,514.6325,933.47,4,13,9,6.75,3.125,4,3,5,2,4,0.5,3,121,164,43,149.5,14.25,121,1.54,1.63,0.09,1.595,0.0275,1.54,1.75,0.375,1,1,1,0.25,0.375,0,0,4,4,2.25,1.25,0,0,0,0,0,3,5,2,4.25,0.75,3,0.25,0.375,5,5,1.25,1.875,0,0,8,8,5.25,2.625,0,5,8,3,6.75,0.875,5,13.01,18.18,5.17,16.09,1.54,13.01,0,0,0,0,2.25E-05,2.25E-05,5.63E-06,8.45E-06,0,194,35,219.25,12.625,194,158
0,0,20,0,0,20,0,0,20,0,0,20,0,0,20,25,8.1,129.2,2300.94,9.99E-16,146.392,0.086123243,52,127.8,2.457692308,4.6,5,0.447213595,0.341995189,0.275945932,0.25169979,0.234923789,1.6,0,3,2.8,0.031880743,0.005197045,0.6,-0.159585502,-1.478797668,7.697343629,0.072953716,22,72,50,39.8,13.44,22,43,49,6,45.6,1.92,43,47.867,178.49,130.623,92.496696,34.5611952,47.867,1941,2750,809,2301,261.6,1941,4,6,2,4.6,0.72,4,4,6,2,4.8,0.64,4,139,175,36,162.6,10.48,139,1.3,1.66,0.36,1.486,0.1368,1.3,1.6,0.48,1,0,0,0,0,0,2,5,3,3,1.2,2,14,14,2.8,4.48,4,18,14,7.4,4.24,4,0.4,0.48,0,0,0,0,0,5,8,3,7,1.2,5,6,8,2,7.4,0.72,6,11.19,23.195,12.005,18.291,3.5252,11.19,0,0,0,0,2.25E-05,2.25E-05,4.51E-06,7.21E-06,0,194,35,208,16.8,194,1375
0,0,20,0,0,20,0,0,20,0,0,20,0,0,20,300,8.1,129.2,2300.94,9.99E-16,146.392,0.086123243,52,127.8,2.457692308,4.6,5,0.447213595,0.341995189,0.275945932,0.25169979,0.234923789,1.6,0,3,2.8,0.031880743,0.005197045,0.6,-0.159585502,-1.478797668,7.697343629,0.072953716,22,72,50,39.8,13.44,22,43,49,6,45.6,1.92,43,47.867,178.49,130.623,92.496696,34.5611952,47.867,1941,2750,809,2301,261.6,1941,4,6,2,4.6,0.72,4,4,6,2,4.8,0.64,4,139,175,36,162.6,10.48,139,1.3,1.66,0.36,1.486,0.1368,1.3,1.6,0.48,1,0,0,0,0,0,2,5,3,3,1.2,2,14,14,2.8,4.48,4,18,14,7.4,4.24,4,0.4,0.48,0,0,0,0,0,5,8,3,7,1.2,5,6,8,2,7.4,0.72,6,11.19,23.195,12.005,18.291,3.5252,11.19,0,0,0,0,2.25E-05,2.25E-05,4.51E-06,7.21E-06,0,194,35,208,16.8,194,1420
0,0,20,0,0,20,0,0,20,0,0,20,0,0,20,500,8.1,129.2,2300.94,9.99E-16,146.392,0.086123243,52,127.8,2.457692308,4.6,5,0.447213595,0.341995189,0.275945932,0.25169979,0.234923789,1.6,0,3,2.8,0.031880743,0.005197045,0.6,-0.159585502,-1.478797668,7.697343629,0.072953716,22,72,50,39.8,13.44,22,43,49,6,45.6,1.92,43,47.867,178.49,130.623,92.496696,34.5611952,47.867,1941,2750,809,2301,261.6,1941,4,6,2,4.6,0.72,4,4,6,2,4.8,0.64,4,139,175,36,162.6,10.48,139,1.3,1.66,0.36,1.486,0.1368,1.3,1.6,0.48,1,0,0,0,0,0,2,5,3,3,1.2,2,14,14,2.8,4.48,4,18,14,7.4,4.24,4,0.4,0.48,0,0,0,0,0,5,8,3,7,1.2,5,6,8,2,7.4,0.72,6,11.19,23.195,12.005,18.291,3.5252,11.19,0,0,0,0,2.25E-05,2.25E-05,4.51E-06,7.21E-06,0,194,35,208,16.8,194,1457
0,0,20,0,0,20,0,0,20,0,0,20,0,0,20,700,8.1,129.2,2300.94,9.99E-16,146.392,0.086123243,52,127.8,2.457692308,4.6,5,0.447213595,0.341995189,0.275945932,0.25169979,0.234923789,1.6,0,3,2.8,0.031880743,0.005197045,0.6,-0.159585502,-1.478797668,7.697343629,0.072953716,22,72,50,39.8,13.44,22,43,49,6,45.6,1.92,43,47.867,178.49,130.623,92.496696,34.5611952,47.867,1941,2750,809,2301,261.6,1941,4,6,2,4.6,0.72,4,4,6,2,4.8,0.64,4,139,175,36,162.6,10.48,139,1.3,1.66,0.36,1.486,0.1368,1.3,1.6,0.48,1,0,0,0,0,0,2,5,3,3,1.2,2,14,14,2.8,4.48,4,18,14,7.4,4.24,4,0.4,0.48,0,0,0,0,0,5,8,3,7,1.2,5,6,8,2,7.4,0.72,6,11.19,23.195,12.005,18.291,3.5252,11.19,0,0,0,0,2.25E-05,2.25E-05,4.51E-06,7.21E-06,0,194,35,208,16.8,194,1322
0,0,20,0,0,20,0,0,20,0,0,20,0,0,20,900,8.1,129.2,2300.94,9.99E-16,146.392,0.086123243,52,127.8,2.457692308,4.6,5,0.447213595,0.341995189,0.275945932,0.25169979,0.234923789,1.6,0,3,2.8,0.031880743,0.005197045,0.6,-0.159585502,-1.478797668,7.697343629,0.072953716,22,72,50,39.8,13.44,22,43,49,6,45.6,1.92,43,47.867,178.49,130.623,92.496696,34.5611952,47.867,1941,2750,809,2301,261.6,1941,4,6,2,4.6,0.72,4,4,6,2,4.8,0.64,4,139,175,36,162.6,10.48,139,1.3,1.66,0.36,1.486,0.1368,1.3,1.6,0.48,1,0,0,0,0,0,2,5,3,3,1.2,2,14,14,2.8,4.48,4,18,14,7.4,4.24,4,0.4,0.48,0,0,0,0,0,5,8,3,7,1.2,5,6,8,2,7.4,0.72,6,11.19,23.195,12.005,18.291,3.5252,11.19,0,0,0,0,2.25E-05,2.25E-05,4.51E-06,7.21E-06,0,194,35,208,16.8,194,1328
0,0,20,0,0,0,10,0,20,0,10,20,0,0,20,25,8.2,165.1,2418.34,0,142.768,0.080302462,54.9,148.8,2.710382514,4.9,6,0.424264069,0.32396118,0.264721168,0.243938554,0.229750886,1.5,0,3.4,1.4,0.158210251,0.011528889,0.8,-0.209030288,-1.578245601,7.143831665,0.062937063,22,73,51,36.9,11.12,22,43,50,7,46.4,2.32,43,47.867,180.94788,133.08088,84.489484,27.6463472,47.867,1941,3290,1349,2418.4,402.48,1941,4,6,2,4.9,0.72,4,4,6,2,4.7,0.56,4,139,175,36,160,9.6,139,1.33,2.16,0.83,1.592,0.144,1.33,1.5,0.5,1,0,0,0,0,0,2,5,3,3.4,1.2,2,14,14,1.4,2.52,4,19,15,6.3,2.54,4,0.5,0.5,0,0,0,0,0,5,8,3,6.6,1.2,5,6,8,2,7.1,0.72,6,11.19,23.195,12.005,17.232,2.942,11.19,0,0,0,0,2.25E-05,2.25E-05,4.51E-06,7.21E-06,0,194,35,215,16.8,194,1595
0,0,20,0,0,0,10,0,20,0,10,20,0,0,20,800,8.2,165.1,2418.34,0,142.768,0.080302462,54.9,148.8,2.710382514,4.9,6,0.424264069,0.32396118,0.264721168,0.243938554,0.229750886,1.5,0,3.4,1.4,0.158210251,0.011528889,0.8,-0.209030288,-1.578245601,7.143831665,0.062937063,22,73,51,36.9,11.12,22,43,50,7,46.4,2.32,43,47.867,180.94788,133.08088,84.489484,27.6463472,47.867,1941,3290,1349,2418.4,402.48,1941,4,6,2,4.9,0.72,4,4,6,2,4.7,0.56,4,139,175,36,160,9.6,139,1.33,2.16,0.83,1.592,0.144,1.33,1.5,0.5,1,0,0,0,0,0,2,5,3,3.4,1.2,2,14,14,1.4,2.52,4,19,15,6.3,2.54,4,0.5,0.5,0,0,0,0,0,5,8,3,6.6,1.2,5,6,8,2,7.1,0.72,6,11.19,23.195,12.005,17.232,2.942,11.19,0,0,0,0,2.25E-05,2.25E-05,4.51E-06,7.21E-06,0,194,35,215,16.8,194,983
0,0,20,0,0,0,10,0,20,0,10,20,0,0,20,1000,8.2,165.1,2418.34,0,142.768,0.080302462,54.9,148.8,2.710382514,4.9,6,0.424264069,0.32396118,0.264721168,0.243938554,0.229750886,1.5,0,3.4,1.4,0.158210251,0.011528889,0.8,-0.209030288,-1.578245601,7.143831665,0.062937063,22,73,51,36.9,11.12,22,43,50,7,46.4,2.32,43,47.867,180.94788,133.08088,84.489484,27.6463472,47.867,1941,3290,1349,2418.4,402.48,1941,4,6,2,4.9,0.72,4,4,6,2,4.7,0.56,4,139,175,36,160,9.6,139,1.33,2.16,0.83,1.592,0.144,1.33,1.5,0.5,1,0,0,0,0,0,2,5,3,3.4,1.2,2,14,14,1.4,2.52,4,19,15,6.3,2.54,4,0.5,0.5,0,0,0,0,0,5,8,3,6.6,1.2,5,6,8,2,7.1,0.72,6,11.19,23.195,12.005,17.232,2.942,11.19,0,0,0,0,2.25E-05,2.25E-05,4.51E-06,7.21E-06,0,194,35,215,16.8,194,546
0,0,20,0,0,0,10,0,20,0,10,20,0,0,20,1200,8.2,165.1,2418.34,0,142.768,0.080302462,54.9,148.8,2.710382514,4.9,6,0.424264069,0.32396118,0.264721168,0.243938554,0.229750886,1.5,0,3.4,1.4,0.158210251,0.011528889,0.8,-0.209030288,-1.578245601,7.143831665,0.062937063,22,73,51,36.9,11.12,22,43,50,7,46.4,2.32,43,47.867,180.94788,133.08088,84.489484,27.6463472,47.867,1941,3290,1349,2418.4,402.48,1941,4,6,2,4.9,0.72,4,4,6,2,4.7,0.56,4,139,175,36,160,9.6,139,1.33,2.16,0.83,1.592,0.144,1.33,1.5,0.5,1,0,0,0,0,0,2,5,3,3.4,1.2,2,14,14,1.4,2.52,4,19,15,6.3,2.54,4,0.5,0.5,0,0,0,0,0,5,8,3,6.6,1.2,5,6,8,2,7.1,0.72,6,11.19,23.195,12.005,17.232,2.942,11.19,0,0,0,0,2.25E-05,2.25E-05,4.51E-06,7.21E-06,0,194,35,215,16.8,194,170
0,0,20,0,0,0,0,0,20,0,0,20,20,0,20,25,6.6,139.2,2236.34,0,141.162,0.086634999,55.4,137.8,2.487364621,4.8,5,0.447213595,0.341995189,0.275945932,0.25169979,0.234923789,1.6,0,3.2,0,0.02685774,0.00343986,0.8,-0.178036809,-1.547239725,6.449347095,0.068069077,22,41,19,30,8.4,22,43,49,6,45.8,1.84,43,47.867,92.90638,45.03938,66.986996,20.0625552,47.867,1941,2750,809,2236.4,205.44,1941,4,6,2,4.8,0.64,4,4,5,1,4.4,0.48,4,139,175,36,158.2,9.76,139,1.33,1.66,0.33,1.552,0.0936,1.33,1.6,0.48,1,0,0,0,0,0,2,5,3,3.2,1.04,2,0,0,0,0,4,6,2,4.8,0.64,4,0.4,0.48,0,0,0,0,0,5,8,3,6.8,1.04,5,6,8,2,7.2,0.64,6,11.19,23.195,12.005,16.453,3.4824,11.19,0,0,0,0,2.25E-05,2.25E-05,4.51E-06,7.21E-06,0,194,35,215,16.8,194,1298
0,0,20,0,0,0,0,0,20,0,0,20,20,0,20,600,6.6,139.2,2236.34,0,141.162,0.086634999,55.4,137.8,2.487364621,4.8,5,0.447213595,0.341995189,0.275945932,0.25169979,0.234923789,1.6,0,3.2,0,0.02685774,0.00343986,0.8,-0.178036809,-1.547239725,6.449347095,0.068069077,22,41,19,30,8.4,22,43,49,6,45.8,1.84,43,47.867,92.90638,45.03938,66.986996,20.0625552,47.867,1941,2750,809,2236.4,205.44,1941,4,6,2,4.8,0.64,4,4,5,1,4.4,0.48,4,139,175,36,158.2,9.76,139,1.33,1.66,0.33,1.552,0.0936,1.33,1.6,0.48,1,0,0,0,0,0,2,5,3,3.2,1.04,2,0,0,0,0,4,6,2,4.8,0.64,4,0.4,0.48,0,0,0,0,0,5,8,3,6.8,1.04,5,6,8,2,7.2,0.64,6,11.19,23.195,12.005,16.453,3.4824,11.19,0,0,0,0,2.25E-05,2.25E-05,4.51E-06,7.21E-06,0,194,35,215,16.8,194,1230
0,0,20,0,0,0,0,0,20,0,0,20,20,0,20,800,6.6,139.2,2236.34,0,141.162,0.086634999,55.4,137.8,2.487364621,4.8,5,0.447213595,0.341995189,0.275945932,0.25169979,0.234923789,1.6,0,3.2,0,0.02685774,0.00343986,0.8,-0.178036809,-1.547239725,6.449347095,0.068069077,22,41,19,30,8.4,22,43,49,6,45.8,1.84,43,47.867,92.90638,45.03938,66.986996,20.0625552,47.867,1941,2750,809,2236.4,205.44,1941,4,6,2,4.8,0.64,4,4,5,1,4.4,0.48,4,139,175,36,158.2,9.76,139,1.33,1.66,0.33,1.552,0.0936,1.33,1.6,0.48,1,0,0,0,0,0,2,5,3,3.2,1.04,2,0,0,0,0,4,6,2,4.8,0.64,4,0.4,0.48,0,0,0,0,0,5,8,3,6.8,1.04,5,6,8,2,7.2,0.64,6,11.19,23.195,12.005,16.453,3.4824,11.19,0,0,0,0,2.25E-05,2.25E-05,4.51E-06,7.21E-06,0,194,35,215,16.8,194,615
0,0,20,0,0,0,0,0,20,0,0,20,20,0,20,1000,6.6,139.2,2236.34,0,141.162,0.086634999,55.4,137.8,2.487364621,4.8,5,0.447213595,0.341995189,0.275945932,0.25169979,0.234923789,1.6,0,3.2,0,0.02685774,0.00343986,0.8,-0.178036809,-1.547239725,6.449347095,0.068069077,22,41,19,30,8.4,22,43,49,6,45.8,1.84,43,47.867,92.90638,45.03938,66.986996,20.0625552,47.867,1941,2750,809,2236.4,205.44,1941,4,6,2,4.8,0.64,4,4,5,1,4.4,0.48,4,139,175,36,158.2,9.76,139,1.33,1.66,0.33,1.552,0.0936,1.33,1.6,0.48,1,0,0,0,0,0,2,5,3,3.2,1.04,2,0,0,0,0,4,6,2,4.8,0.64,4,0.4,0.48,0,0,0,0,0,5,8,3,6.8,1.04,5,6,8,2,7.2,0.64,6,11.19,23.195,12.005,16.453,3.4824,11.19,0,0,0,0,2.25E-05,2.25E-05,4.51E-06,7.21E-06,0,194,35,215,16.8,194,259
0,0,25,0,0,0,0,0,25,0,0,25,0,0,25,25,6.7,142,2249.675,-4.44E-16,143.5525,0.087667802,57.5,132.25,2.3,4.75,4,0.5,0.396850263,0.329876978,0.304753414,0.287174589,1.5,0,3.25,0,0.02685774,0.003829677,0.75,-0.158634842,-1.527214744,5.185966811,0.0693484,22,41,19,31.75,8.75,22,43,49,6,45.75,2.25,43,47.867,92.90638,45.03938,70.99837,21.06682,47.867,1941,2750,809,2249.75,250.125,1941,4,6,2,4.75,0.75,4,4,5,1,4.5,0.5,4,139,175,36,159.5,10.25,139,1.33,1.66,0.33,1.5325,0.10125,1.33,1.5,0.5,1,0,0,0,0,0,2,5,3,3.25,1.25,2,0,0,0,0,4,6,2,4.75,0.75,4,0.5,0.5,0,0,0,0,0,5,8,3,6.75,1.25,5,6,8,2,7.25,0.75,6,11.19,23.195,12.005,17.31375,3.37375,11.19,0,0,0,0,2.25E-05,2.25E-05,5.63E-06,8.45E-06,0,194,35,211.5,17.5,194,1260
0,0,25,0,0,0,0,0,25,0,0,25,0,0,25,600,6.7,142,2249.675,-4.44E-16,143.5525,0.087667802,57.5,132.25,2.3,4.75,4,0.5,0.396850263,0.329876978,0.304753414,0.287174589,1.5,0,3.25,0,0.02685774,0.003829677,0.75,-0.158634842,-1.527214744,5.185966811,0.0693484,22,41,19,31.75,8.75,22,43,49,6,45.75,2.25,43,47.867,92.90638,45.03938,70.99837,21.06682,47.867,1941,2750,809,2249.75,250.125,1941,4,6,2,4.75,0.75,4,4,5,1,4.5,0.5,4,139,175,36,159.5,10.25,139,1.33,1.66,0.33,1.5325,0.10125,1.33,1.5,0.5,1,0,0,0,0,0,2,5,3,3.25,1.25,2,0,0,0,0,4,6,2,4.75,0.75,4,0.5,0.5,0,0,0,0,0,5,8,3,6.75,1.25,5,6,8,2,7.25,0.75,6,11.19,23.195,12.005,17.31375,3.37375,11.19,0,0,0,0,2.25E-05,2.25E-05,5.63E-06,8.45E-06,0,194,35,211.5,17.5,194,1035
0,0,25,0,0,0,0,0,25,0,0,25,0,0,25,800,6.7,142,2249.675,-4.44E-16,143.5525,0.087667802,57.5,132.25,2.3,4.75,4,0.5,0.396850263,0.329876978,0.304753414,0.287174589,1.5,0,3.25,0,0.02685774,0.003829677,0.75,-0.158634842,-1.527214744,5.185966811,0.0693484,22,41,19,31.75,8.75,22,43,49,6,45.75,2.25,43,47.867,92.90638,45.03938,70.99837,21.06682,47.867,1941,2750,809,2249.75,250.125,1941,4,6,2,4.75,0.75,4,4,5,1,4.5,0.5,4,139,175,36,159.5,10.25,139,1.33,1.66,0.33,1.5325,0.10125,1.33,1.5,0.5,1,0,0,0,0,0,2,5,3,3.25,1.25,2,0,0,0,0,4,6,2,4.75,0.75,4,0.5,0.5,0,0,0,0,0,5,8,3,6.75,1.25,5,6,8,2,7.25,0.75,6,11.19,23.195,12.005,17.31375,3.37375,11.19,0,0,0,0,2.25E-05,2.25E-05,5.63E-06,8.45E-06,0,194,35,211.5,17.5,194,300
0,0,25,0,0,0,0,0,25,0,0,25,0,0,25,1000,6.7,142,2249.675,-4.44E-16,143.5525,0.087667802,57.5,132.25,2.3,4.75,4,0.5,0.396850263,0.329876978,0.304753414,0.287174589,1.5,0,3.25,0,0.02685774,0.003829677,0.75,-0.158634842,-1.527214744,5.185966811,0.0693484,22,41,19,31.75,8.75,22,43,49,6,45.75,2.25,43,47.867,92.90638,45.03938,70.99837,21.06682,47.867,1941,2750,809,2249.75,250.125,1941,4,6,2,4.75,0.75,4,4,5,1,4.5,0.5,4,139,175,36,159.5,10.25,139,1.33,1.66,0.33,1.5325,0.10125,1.33,1.5,0.5,1,0,0,0,0,0,2,5,3,3.25,1.25,2,0,0,0,0,4,6,2,4.75,0.75,4,0.5,0.5,0,0,0,0,0,5,8,3,6.75,1.25,5,6,8,2,7.25,0.75,6,11.19,23.195,12.005,17.31375,3.37375,11.19,0,0,0,0,2.25E-05,2.25E-05,5.63E-06,8.45E-06,0,194,35,211.5,17.5,194,115
0,0,0,0,0,16.67,16.67,0,16.67,0,16.67,16.67,0,0,16.67,25,9.9,147.0294,2585.63369,0.002305794,147.747877,0.057762328,39.0078,151.5303,3.884615385,4.6676,6,0.40824829,0.302853432,0.238494847,0.215284724,0.199371866,1.666666667,0,3,4.666666667,0.168812602,0.01899932,0.666666667,-0.037857871,-1.548805152,43.32422458,0.051743517,22,73,51,48.33333333,16.11111111,22,43,50,7,46.16666667,2.166666667,43,47.867,180.94788,133.08088,114.5658767,43.43537556,47.867,1941,3290,1349,2585.166667,393.5,1941,4,6,2,4.666666667,0.666666667,4,4,6,2,5.166666667,0.555555556,4,154,175,21,166.3333333,7,154,1.3,2.16,0.86,1.571666667,0.205555556,1.3,1.666666667,0.444444444,1,0,0,0,0,0,2,5,3,3,1,2,14,14,4.666666667,6.222222222,4,19,15,9.333333333,6.111111111,4,0.333333333,0.444444444,0,0,0,0,0,5,8,3,7,1,5,6,8,2,7.333333333,0.666666667,6,15.69,23.195,7.505,19.0125,2.456666667,15.69,0,0,0,0,2.25E-05,2.25E-05,3.76E-06,6.26E-06,0,194,35,211.5,17.5,194,1512
0,0,0,0,0,16.67,16.67,0,16.67,0,16.67,16.67,0,0,16.67,800,9.9,147.0294,2585.63369,0.002305794,147.747877,0.057762328,39.0078,151.5303,3.884615385,4.6676,6,0.40824829,0.302853432,0.238494847,0.215284724,0.199371866,1.666666667,0,3,4.666666667,0.168812602,0.01899932,0.666666667,-0.037857871,-1.548805152,43.32422458,0.051743517,22,73,51,48.33333333,16.11111111,22,43,50,7,46.16666667,2.166666667,43,47.867,180.94788,133.08088,114.5658767,43.43537556,47.867,1941,3290,1349,2585.166667,393.5,1941,4,6,2,4.666666667,0.666666667,4,4,6,2,5.166666667,0.555555556,4,154,175,21,166.3333333,7,154,1.3,2.16,0.86,1.571666667,0.205555556,1.3,1.666666667,0.444444444,1,0,0,0,0,0,2,5,3,3,1,2,14,14,4.666666667,6.222222222,4,19,15,9.333333333,6.111111111,4,0.333333333,0.444444444,0,0,0,0,0,5,8,3,7,1,5,6,8,2,7.333333333,0.666666667,6,15.69,23.195,7.505,19.0125,2.456666667,15.69,0,0,0,0,2.25E-05,2.25E-05,3.76E-06,6.26E-06,0,194,35,211.5,17.5,194,1007
0,0,0,0,0,16.67,16.67,0,16.67,0,16.67,16.67,0,0,16.67,1000,9.9,147.0294,2585.63369,0.002305794,147.747877,0.057762328,39.0078,151.5303,3.884615385,4.6676,6,0.40824829,0.302853432,0.238494847,0.215284724,0.199371866,1.666666667,0,3,4.666666667,0.168812602,0.01899932,0.666666667,-0.037857871,-1.548805152,43.32422458,0.051743517,22,73,51,48.33333333,16.11111111,22,43,50,7,46.16666667,2.166666667,43,47.867,180.94788,133.08088,114.5658767,43.43537556,47.867,1941,3290,1349,2585.166667,393.5,1941,4,6,2,4.666666667,0.666666667,4,4,6,2,5.166666667,0.555555556,4,154,175,21,166.3333333,7,154,1.3,2.16,0.86,1.571666667,0.205555556,1.3,1.666666667,0.444444444,1,0,0,0,0,0,2,5,3,3,1,2,14,14,4.666666667,6.222222222,4,19,15,9.333333333,6.111111111,4,0.333333333,0.444444444,0,0,0,0,0,5,8,3,7,1,5,6,8,2,7.333333333,0.666666667,6,15.69,23.195,7.505,19.0125,2.456666667,15.69,0,0,0,0,2.25E-05,2.25E-05,3.76E-06,6.26E-06,0,194,35,211.5,17.5,194,814
0,0,0,0,0,16.67,16.67,0,16.67,0,16.67,16.67,0,0,16.67,1200,9.9,147.0294,2585.63369,0.002305794,147.747877,0.057762328,39.0078,151.5303,3.884615385,4.6676,6,0.40824829,0.302853432,0.238494847,0.215284724,0.199371866,1.666666667,0,3,4.666666667,0.168812602,0.01899932,0.666666667,-0.037857871,-1.548805152,43.32422458,0.051743517,22,73,51,48.33333333,16.11111111,22,43,50,7,46.16666667,2.166666667,43,47.867,180.94788,133.08088,114.5658767,43.43537556,47.867,1941,3290,1349,2585.166667,393.5,1941,4,6,2,4.666666667,0.666666667,4,4,6,2,5.166666667,0.555555556,4,154,175,21,166.3333333,7,154,1.3,2.16,0.86,1.571666667,0.205555556,1.3,1.666666667,0.444444444,1,0,0,0,0,0,2,5,3,3,1,2,14,14,4.666666667,6.222222222,4,19,15,9.333333333,6.111111111,4,0.333333333,0.444444444,0,0,0,0,0,5,8,3,7,1,5,6,8,2,7.333333333,0.666666667,6,15.69,23.195,7.505,19.0125,2.456666667,15.69,0,0,0,0,2.25E-05,2.25E-05,3.76E-06,6.26E-06,0,194,35,211.5,17.5,194,556
0,0,0,0,0,20,20,0,20,0,0,20,0,0,20,25,8.7,139.2,2444.14,6.66E-16,148.662,0.060926975,33,141.8,4.296969697,4.6,5,0.447213595,0.341995189,0.275945932,0.25169979,0.234923789,1.6,0,3,2.8,0.168812602,0.022429988,0.6,-0.05883084,-1.558755108,20.44094665,0.055881279,22,72,50,43.4,11.44,22,43,50,7,45.8,2.16,43,47.867,178.49,130.623,101.289476,30.8802096,47.867,1941,2896,955,2444.2,327.76,1941,4,6,2,4.6,0.72,4,4,6,2,5,0.4,4,154,175,21,165.6,7.52,154,1.3,2.16,0.86,1.586,0.2352,1.3,1.6,0.48,1,0,0,0,0,0,2,5,3,3,1.2,2,14,14,2.8,4.48,4,18,14,7.4,4.24,4,0.4,0.48,0,0,0,0,0,5,8,3,7,1.2,5,6,8,2,7.4,0.72,6,15.69,23.195,7.505,19.191,2.8052,15.69,0,0,0,0,2.25E-05,2.25E-05,4.51E-06,7.21E-06,0,194,35,208,16.8,194,1575
0,0,0,0,0,20,20,0,20,0,0,20,0,0,20,800,8.7,139.2,2444.14,6.66E-16,148.662,0.060926975,33,141.8,4.296969697,4.6,5,0.447213595,0.341995189,0.275945932,0.25169979,0.234923789,1.6,0,3,2.8,0.168812602,0.022429988,0.6,-0.05883084,-1.558755108,20.44094665,0.055881279,22,72,50,43.4,11.44,22,43,50,7,45.8,2.16,43,47.867,178.49,130.623,101.289476,30.8802096,47.867,1941,2896,955,2444.2,327.76,1941,4,6,2,4.6,0.72,4,4,6,2,5,0.4,4,154,175,21,165.6,7.52,154,1.3,2.16,0.86,1.586,0.2352,1.3,1.6,0.48,1,0,0,0,0,0,2,5,3,3,1.2,2,14,14,2.8,4.48,4,18,14,7.4,4.24,4,0.4,0.48,0,0,0,0,0,5,8,3,7,1.2,5,6,8,2,7.4,0.72,6,15.69,23.195,7.505,19.191,2.8052,15.69,0,0,0,0,2.25E-05,2.25E-05,4.51E-06,7.21E-06,0,194,35,208,16.8,194,825
0,0,0,0,0,20,20,0,20,0,0,20,0,0,20,1000,8.7,139.2,2444.14,6.66E-16,148.662,0.060926975,33,141.8,4.296969697,4.6,5,0.447213595,0.341995189,0.275945932,0.25169979,0.234923789,1.6,0,3,2.8,0.168812602,0.022429988,0.6,-0.05883084,-1.558755108,20.44094665,0.055881279,22,72,50,43.4,11.44,22,43,50,7,45.8,2.16,43,47.867,178.49,130.623,101.289476,30.8802096,47.867,1941,2896,955,2444.2,327.76,1941,4,6,2,4.6,0.72,4,4,6,2,5,0.4,4,154,175,21,165.6,7.52,154,1.3,2.16,0.86,1.586,0.2352,1.3,1.6,0.48,1,0,0,0,0,0,2,5,3,3,1.2,2,14,14,2.8,4.48,4,18,14,7.4,4.24,4,0.4,0.48,0,0,0,0,0,5,8,3,7,1.2,5,6,8,2,7.4,0.72,6,15.69,23.195,7.505,19.191,2.8052,15.69,0,0,0,0,2.25E-05,2.25E-05,4.51E-06,7.21E-06,0,194,35,208,16.8,194,635
0,0,0,0,0,20,20,0,20,0,0,20,0,0,20,1200,8.7,139.2,2444.14,6.66E-16,148.662,0.060926975,33,141.8,4.296969697,4.6,5,0.447213595,0.341995189,0.275945932,0.25169979,0.234923789,1.6,0,3,2.8,0.168812602,0.022429988,0.6,-0.05883084,-1.558755108,20.44094665,0.055881279,22,72,50,43.4,11.44,22,43,50,7,45.8,2.16,43,47.867,178.49,130.623,101.289476,30.8802096,47.867,1941,2896,955,2444.2,327.76,1941,4,6,2,4.6,0.72,4,4,6,2,5,0.4,4,154,175,21,165.6,7.52,154,1.3,2.16,0.86,1.586,0.2352,1.3,1.6,0.48,1,0,0,0,0,0,2,5,3,3,1.2,2,14,14,2.8,4.48,4,18,14,7.4,4.24,4,0.4,0.48,0,0,0,0,0,5,8,3,7,1.2,5,6,8,2,7.4,0.72,6,15.69,23.195,7.505,19.191,2.8052,15.69,0,0,0,0,2.25E-05,2.25E-05,4.51E-06,7.21E-06,0,194,35,208,16.8,194,187
0,0,0,0,0,20,20,0,0,0,20,20,0,0,20,25,10,155.4,2552.14,3.33E-16,148.682,0.060833741,39.2,147.8,3.770408163,4.6,5,0.447213595,0.341995189,0.275945932,0.25169979,0.234923789,1.8,0,2.8,5.6,0.168812602,0.022594595,0.6,-0.071700361,-1.538764452,17.78679597,0.054344596,22,73,51,49.8,18.16,22,43,50,7,46,2.4,43,47.867,180.94788,133.08088,118.897776,48.6569312,47.867,1941,3290,1349,2552.2,432.64,1941,4,6,2,4.6,0.72,4,4,6,2,5.2,0.64,4,154,175,21,166.8,7.84,154,1.3,2.16,0.86,1.566,0.2376,1.3,1.8,0.32,1,0,0,0,0,0,2,5,3,2.8,0.96,2,14,14,5.6,6.72,4,19,15,10.2,6.64,4,0.2,0.32,0,0,0,0,0,5,8,3,7.2,0.96,5,6,8,2,7.4,0.72,6,15.69,23.195,7.505,19.179,2.8148,15.69,0,0,0,0,2.25E-05,2.25E-05,4.51E-06,7.21E-06,0,194,35,208,16.8,194,1600
0,0,0,0,0,20,20,0,0,0,20,20,0,0,20,800,10,155.4,2552.14,3.33E-16,148.682,0.060833741,39.2,147.8,3.770408163,4.6,5,0.447213595,0.341995189,0.275945932,0.25169979,0.234923789,1.8,0,2.8,5.6,0.168812602,0.022594595,0.6,-0.071700361,-1.538764452,17.78679597,0.054344596,22,73,51,49.8,18.16,22,43,50,7,46,2.4,43,47.867,180.94788,133.08088,118.897776,48.6569312,47.867,1941,3290,1349,2552.2,432.64,1941,4,6,2,4.6,0.72,4,4,6,2,5.2,0.64,4,154,175,21,166.8,7.84,154,1.3,2.16,0.86,1.566,0.2376,1.3,1.8,0.32,1,0,0,0,0,0,2,5,3,2.8,0.96,2,14,14,5.6,6.72,4,19,15,10.2,6.64,4,0.2,0.32,0,0,0,0,0,5,8,3,7.2,0.96,5,6,8,2,7.4,0.72,6,15.69,23.195,7.505,19.179,2.8148,15.69,0,0,0,0,2.25E-05,2.25E-05,4.51E-06,7.21E-06,0,194,35,208,16.8,194,1045
0,0,0,0,0,20,20,0,0,0,20,20,0,0,20,1000,10,155.4,2552.14,3.33E-16,148.682,0.060833741,39.2,147.8,3.770408163,4.6,5,0.447213595,0.341995189,0.275945932,0.25169979,0.234923789,1.8,0,2.8,5.6,0.168812602,0.022594595,0.6,-0.071700361,-1.538764452,17.78679597,0.054344596,22,73,51,49.8,18.16,22,43,50,7,46,2.4,43,47.867,180.94788,133.08088,118.897776,48.6569312,47.867,1941,3290,1349,2552.2,432.64,1941,4,6,2,4.6,0.72,4,4,6,2,5.2,0.64,4,154,175,21,166.8,7.84,154,1.3,2.16,0.86,1.566,0.2376,1.3,1.8,0.32,1,0,0,0,0,0,2,5,3,2.8,0.96,2,14,14,5.6,6.72,4,19,15,10.2,6.64,4,0.2,0.32,0,0,0,0,0,5,8,3,7.2,0.96,5,6,8,2,7.4,0.72,6,15.69,23.195,7.505,19.179,2.8148,15.69,0,0,0,0,2.25E-05,2.25E-05,4.51E-06,7.21E-06,0,194,35,208,16.8,194,855
0,0,0,0,0,20,20,0,0,0,20,20,0,0,20,1200,10,155.4,2552.14,3.33E-16,148.682,0.060833741,39.2,147.8,3.770408163,4.6,5,0.447213595,0.341995189,0.275945932,0.25169979,0.234923789,1.8,0,2.8,5.6,0.168812602,0.022594595,0.6,-0.071700361,-1.538764452,17.78679597,0.054344596,22,73,51,49.8,18.16,22,43,50,7,46,2.4,43,47.867,180.94788,133.08088,118.897776,48.6569312,47.867,1941,3290,1349,2552.2,432.64,1941,4,6,2,4.6,0.72,4,4,6,2,5.2,0.64,4,154,175,21,166.8,7.84,154,1.3,2.16,0.86,1.566,0.2376,1.3,1.8,0.32,1,0,0,0,0,0,2,5,3,2.8,0.96,2,14,14,5.6,6.72,4,19,15,10.2,6.64,4,0.2,0.32,0,0,0,0,0,5,8,3,7.2,0.96,5,6,8,2,7.4,0.72,6,15.69,23.195,7.505,19.179,2.8148,15.69,0,0,0,0,2.25E-05,2.25E-05,4.51E-06,7.21E-06,0,194,35,208,16.8,194,404
0,0,0,0,0,22.22,0,0,22.22,11.11,0,22.22,22.22,0,0,25,8.6,100.1011,2271.6617,-0.001094557,141.33031,0.090039084,35.3298,133.32,3.773584906,4.444,5,0.458122847,0.356392703,0.293680718,0.270967444,0.255272533,1.777777778,0.222222222,2.444444444,3.111111111,0.086068815,0.007194072,0.666666667,-0.776044582,-1.550520226,1.2341947,0.096239739,14,72,58,36.66666667,17.62962963,22,43,78,35,48.88888889,6.469135802,43,28.0855,178.49,150.4045,85.38836222,44.71984691,47.867,1687,2750,1063,2271.888889,316.5432099,1941,4,14,10,5.555555556,1.87654321,4,3,6,3,4.555555556,0.839506173,4,111,175,64,157.2222222,12.14814815,153,1.3,1.9,0.6,1.56,0.124444444,1.3,1.777777778,0.345679012,1,2,2,0.222222222,0.395061728,0,0,4,4,2.444444444,0.938271605,2,14,14,3.111111111,4.839506173,4,18,14,7.555555556,4.641975309,4,0.222222222,0.345679012,4,4,0.444444444,0.790123457,0,0,8,8,6.444444444,1.62962963,6,4,8,4,7.111111111,0.790123457,7,13.01,22.2,9.19,17.84444444,2.661728395,13.01,0.773,0.773,0.085888889,0.152691358,2.25E-05,2.25E-05,5.01E-06,7.79E-06,0,194,35,213.2222222,17.08641975,194,1399
0,0,0,0,0,22.22,0,0,22.22,11.11,0,22.22,22.22,0,0,800,8.6,100.1011,2271.6617,-0.001094557,141.33031,0.090039084,35.3298,133.32,3.773584906,4.444,5,0.458122847,0.356392703,0.293680718,0.270967444,0.255272533,1.777777778,0.222222222,2.444444444,3.111111111,0.086068815,0.007194072,0.666666667,-0.776044582,-1.550520226,1.2341947,0.096239739,14,72,58,36.66666667,17.62962963,22,43,78,35,48.88888889,6.469135802,43,28.0855,178.49,150.4045,85.38836222,44.71984691,47.867,1687,2750,1063,2271.888889,316.5432099,1941,4,14,10,5.555555556,1.87654321,4,3,6,3,4.555555556,0.839506173,4,111,175,64,157.2222222,12.14814815,153,1.3,1.9,0.6,1.56,0.124444444,1.3,1.777777778,0.345679012,1,2,2,0.222222222,0.395061728,0,0,4,4,2.444444444,0.938271605,2,14,14,3.111111111,4.839506173,4,18,14,7.555555556,4.641975309,4,0.222222222,0.345679012,4,4,0.444444444,0.790123457,0,0,8,8,6.444444444,1.62962963,6,4,8,4,7.111111111,0.790123457,7,13.01,22.2,9.19,17.84444444,2.661728395,13.01,0.773,0.773,0.085888889,0.152691358,2.25E-05,2.25E-05,5.01E-06,7.79E-06,0,194,35,213.2222222,17.08641975,194,875
0,0,0,0,0,22.22,0,0,22.22,11.11,0,22.22,22.22,0,0,1000,8.6,100.1011,2271.6617,-0.001094557,141.33031,0.090039084,35.3298,133.32,3.773584906,4.444,5,0.458122847,0.356392703,0.293680718,0.270967444,0.255272533,1.777777778,0.222222222,2.444444444,3.111111111,0.086068815,0.007194072,0.666666667,-0.776044582,-1.550520226,1.2341947,0.096239739,14,72,58,36.66666667,17.62962963,22,43,78,35,48.88888889,6.469135802,43,28.0855,178.49,150.4045,85.38836222,44.71984691,47.867,1687,2750,1063,2271.888889,316.5432099,1941,4,14,10,5.555555556,1.87654321,4,3,6,3,4.555555556,0.839506173,4,111,175,64,157.2222222,12.14814815,153,1.3,1.9,0.6,1.56,0.124444444,1.3,1.777777778,0.345679012,1,2,2,0.222222222,0.395061728,0,0,4,4,2.444444444,0.938271605,2,14,14,3.111111111,4.839506173,4,18,14,7.555555556,4.641975309,4,0.222222222,0.345679012,4,4,0.444444444,0.790123457,0,0,8,8,6.444444444,1.62962963,6,4,8,4,7.111111111,0.790123457,7,13.01,22.2,9.19,17.84444444,2.661728395,13.01,0.773,0.773,0.085888889,0.152691358,2.25E-05,2.25E-05,5.01E-06,7.79E-06,0,194,35,213.2222222,17.08641975,194,240
0,0,0,0,0,18.18,0,0,18.18,9.09,0,18.18,18.18,0,18.18,0,7.7,94.2633,2245.44816,-0.00115043,144.76734,0.094120048,34.9056,125.2602,3.588541667,4.3632,6,0.41659779,0.313474295,0.251172732,0.228869032,0.213571251,1.818181818,0.181818182,2.363636364,2.545454545,0.086068815,0.007807768,0.545454545,-0.857900794,-1.507869146,1.517365422,0.097299706,14,72,58,37.27272727,14.97520661,22,43,78,35,48,5.454545455,43,28.0855,178.49,150.4045,86.44938727,37.55353388,47.867,1687,2750,1063,2245.727273,278.0165289,1941,4,14,10,5.272727273,1.58677686,4,3,6,3,4.636363636,0.760330579,4,111,175,64,160.4545455,11.8677686,153,1.3,1.9,0.6,1.518181818,0.147768595,1.3,1.818181818,0.297520661,1,2,2,0.181818182,0.330578512,0,0,4,4,2.363636364,0.826446281,2,14,14,2.545454545,4.165289256,4,18,14,6.909090909,4.033057851,4,0.181818182,0.297520661,4,4,0.363636364,0.661157025,0,0,8,8,6.727272727,1.487603306,6,4,8,4,7.272727273,0.79338843,7,13.01,23.195,10.185,18.81727273,3.117024793,13.01,0.773,0.773,0.070272727,0.127768595,2.25E-05,2.25E-05,4.10E-06,6.70E-06,0,194,35,209.7272727,17.15702479,194,1540
0,0,0,0,0,18.18,0,0,18.18,9.09,0,18.18,18.18,0,18.18,600,7.7,94.2633,2245.44816,-0.00115043,144.76734,0.094120048,34.9056,125.2602,3.588541667,4.3632,6,0.41659779,0.313474295,0.251172732,0.228869032,0.213571251,1.818181818,0.181818182,2.363636364,2.545454545,0.086068815,0.007807768,0.545454545,-0.857900794,-1.507869146,1.517365422,0.097299706,14,72,58,37.27272727,14.97520661,22,43,78,35,48,5.454545455,43,28.0855,178.49,150.4045,86.44938727,37.55353388,47.867,1687,2750,1063,2245.727273,278.0165289,1941,4,14,10,5.272727273,1.58677686,4,3,6,3,4.636363636,0.760330579,4,111,175,64,160.4545455,11.8677686,153,1.3,1.9,0.6,1.518181818,0.147768595,1.3,1.818181818,0.297520661,1,2,2,0.181818182,0.330578512,0,0,4,4,2.363636364,0.826446281,2,14,14,2.545454545,4.165289256,4,18,14,6.909090909,4.033057851,4,0.181818182,0.297520661,4,4,0.363636364,0.661157025,0,0,8,8,6.727272727,1.487603306,6,4,8,4,7.272727273,0.79338843,7,13.01,23.195,10.185,18.81727273,3.117024793,13.01,0.773,0.773,0.070272727,0.127768595,2.25E-05,2.25E-05,4.10E-06,6.70E-06,0,194,35,209.7272727,17.15702479,194,1252
0,0,0,0,0,18.18,0,0,18.18,9.09,0,18.18,18.18,0,18.18,800,7.7,94.2633,2245.44816,-0.00115043,144.76734,0.094120048,34.9056,125.2602,3.588541667,4.3632,6,0.41659779,0.313474295,0.251172732,0.228869032,0.213571251,1.818181818,0.181818182,2.363636364,2.545454545,0.086068815,0.007807768,0.545454545,-0.857900794,-1.507869146,1.517365422,0.097299706,14,72,58,37.27272727,14.97520661,22,43,78,35,48,5.454545455,43,28.0855,178.49,150.4045,86.44938727,37.55353388,47.867,1687,2750,1063,2245.727273,278.0165289,1941,4,14,10,5.272727273,1.58677686,4,3,6,3,4.636363636,0.760330579,4,111,175,64,160.4545455,11.8677686,153,1.3,1.9,0.6,1.518181818,0.147768595,1.3,1.818181818,0.297520661,1,2,2,0.181818182,0.330578512,0,0,4,4,2.363636364,0.826446281,2,14,14,2.545454545,4.165289256,4,18,14,6.909090909,4.033057851,4,0.181818182,0.297520661,4,4,0.363636364,0.661157025,0,0,8,8,6.727272727,1.487603306,6,4,8,4,7.272727273,0.79338843,7,13.01,23.195,10.185,18.81727273,3.117024793,13.01,0.773,0.773,0.070272727,0.127768595,2.25E-05,2.25E-05,4.10E-06,6.70E-06,0,194,35,209.7272727,17.15702479,194,427
0,0,0,0,0,20,0,0,20,0,20,20,0,0,20,25,9.9,110.6,2522.94,1.39E-15,150.01,0.049828127,42.8,135.8,3.172897196,4.4,5,0.447213595,0.341995189,0.275945932,0.25169979,0.234923789,1.8,0,2.6,5.6,0.022248763,0.003469618,0.6,0.102859295,-1.449123473,12.41173785,0.048591338,22,73,51,49.6,18.32,22,43,48,5,45.4,1.68,43,47.867,180.94788,133.08088,118.287052,49.1455104,47.867,1941,3290,1349,2523,397.6,1941,4,5,1,4.4,0.48,4,4,6,2,5.2,0.64,4,160,175,15,168.8,5.44,160,1.3,1.6,0.3,1.454,0.1112,1.3,1.8,0.32,1,0,0,0,0,0,2,4,2,2.6,0.72,2,14,14,5.6,6.72,4,19,15,10,6.8,4,0.2,0.32,0,0,0,0,0,6,8,2,7.4,0.72,6,7,8,1,7.6,0.48,7,16.69,23.195,6.505,19.677,2.4164,16.69,0,0,0,0,2.25E-05,2.25E-05,4.51E-06,7.21E-06,0,194,35,208,16.8,194,929
0,0,0,0,0,20,0,0,20,0,20,20,0,0,20,600,9.9,110.6,2522.94,1.39E-15,150.01,0.049828127,42.8,135.8,3.172897196,4.4,5,0.447213595,0.341995189,0.275945932,0.25169979,0.234923789,1.8,0,2.6,5.6,0.022248763,0.003469618,0.6,0.102859295,-1.449123473,12.41173785,0.048591338,22,73,51,49.6,18.32,22,43,48,5,45.4,1.68,43,47.867,180.94788,133.08088,118.287052,49.1455104,47.867,1941,3290,1349,2523,397.6,1941,4,5,1,4.4,0.48,4,4,6,2,5.2,0.64,4,160,175,15,168.8,5.44,160,1.3,1.6,0.3,1.454,0.1112,1.3,1.8,0.32,1,0,0,0,0,0,2,4,2,2.6,0.72,2,14,14,5.6,6.72,4,19,15,10,6.8,4,0.2,0.32,0,0,0,0,0,6,8,2,7.4,0.72,6,7,8,1,7.6,0.48,7,16.69,23.195,6.505,19.677,2.4164,16.69,0,0,0,0,2.25E-05,2.25E-05,4.51E-06,7.21E-06,0,194,35,208,16.8,194,675
0,0,0,0,0,20,0,0,20,0,20,20,0,0,20,800,9.9,110.6,2522.94,1.39E-15,150.01,0.049828127,42.8,135.8,3.172897196,4.4,5,0.447213595,0.341995189,0.275945932,0.25169979,0.234923789,1.8,0,2.6,5.6,0.022248763,0.003469618,0.6,0.102859295,-1.449123473,12.41173785,0.048591338,22,73,51,49.6,18.32,22,43,48,5,45.4,1.68,43,47.867,180.94788,133.08088,118.287052,49.1455104,47.867,1941,3290,1349,2523,397.6,1941,4,5,1,4.4,0.48,4,4,6,2,5.2,0.64,4,160,175,15,168.8,5.44,160,1.3,1.6,0.3,1.454,0.1112,1.3,1.8,0.32,1,0,0,0,0,0,2,4,2,2.6,0.72,2,14,14,5.6,6.72,4,19,15,10,6.8,4,0.2,0.32,0,0,0,0,0,6,8,2,7.4,0.72,6,7,8,1,7.6,0.48,7,16.69,23.195,6.505,19.677,2.4164,16.69,0,0,0,0,2.25E-05,2.25E-05,4.51E-06,7.21E-06,0,194,35,208,16.8,194,535
0,0,0,0,0,20,0,0,20,0,20,20,0,0,20,1000,9.9,110.6,2522.94,1.39E-15,150.01,0.049828127,42.8,135.8,3.172897196,4.4,5,0.447213595,0.341995189,0.275945932,0.25169979,0.234923789,1.8,0,2.6,5.6,0.022248763,0.003469618,0.6,0.102859295,-1.449123473,12.41173785,0.048591338,22,73,51,49.6,18.32,22,43,48,5,45.4,1.68,43,47.867,180.94788,133.08088,118.287052,49.1455104,47.867,1941,3290,1349,2523,397.6,1941,4,5,1,4.4,0.48,4,4,6,2,5.2,0.64,4,160,175,15,168.8,5.44,160,1.3,1.6,0.3,1.454,0.1112,1.3,1.8,0.32,1,0,0,0,0,0,2,4,2,2.6,0.72,2,14,14,5.6,6.72,4,19,15,10,6.8,4,0.2,0.32,0,0,0,0,0,6,8,2,7.4,0.72,6,7,8,1,7.6,0.48,7,16.69,23.195,6.505,19.677,2.4164,16.69,0,0,0,0,2.25E-05,2.25E-05,4.51E-06,7.21E-06,0,194,35,208,16.8,194,295
0,0,0,0,0,20,0,0,20,0,20,20,0,0,20,1200,9.9,110.6,2522.94,1.39E-15,150.01,0.049828127,42.8,135.8,3.172897196,4.4,5,0.447213595,0.341995189,0.275945932,0.25169979,0.234923789,1.8,0,2.6,5.6,0.022248763,0.003469618,0.6,0.102859295,-1.449123473,12.41173785,0.048591338,22,73,51,49.6,18.32,22,43,48,5,45.4,1.68,43,47.867,180.94788,133.08088,118.287052,49.1455104,47.867,1941,3290,1349,2523,397.6,1941,4,5,1,4.4,0.48,4,4,6,2,5.2,0.64,4,160,175,15,168.8,5.44,160,1.3,1.6,0.3,1.454,0.1112,1.3,1.8,0.32,1,0,0,0,0,0,2,4,2,2.6,0.72,2,14,14,5.6,6.72,4,19,15,10,6.8,4,0.2,0.32,0,0,0,0,0,6,8,2,7.4,0.72,6,7,8,1,7.6,0.48,7,16.69,23.195,6.505,19.677,2.4164,16.69,0,0,0,0,2.25E-05,2.25E-05,4.51E-06,7.21E-06,0,194,35,208,16.8,194,92
0,0,0,0,0,20,0,0,20,0,20,20,0,0,20,1400,9.9,110.6,2522.94,1.39E-15,150.01,0.049828127,42.8,135.8,3.172897196,4.4,5,0.447213595,0.341995189,0.275945932,0.25169979,0.234923789,1.8,0,2.6,5.6,0.022248763,0.003469618,0.6,0.102859295,-1.449123473,12.41173785,0.048591338,22,73,51,49.6,18.32,22,43,48,5,45.4,1.68,43,47.867,180.94788,133.08088,118.287052,49.1455104,47.867,1941,3290,1349,2523,397.6,1941,4,5,1,4.4,0.48,4,4,6,2,5.2,0.64,4,160,175,15,168.8,5.44,160,1.3,1.6,0.3,1.454,0.1112,1.3,1.8,0.32,1,0,0,0,0,0,2,4,2,2.6,0.72,2,14,14,5.6,6.72,4,19,15,10,6.8,4,0.2,0.32,0,0,0,0,0,6,8,2,7.4,0.72,6,7,8,1,7.6,0.48,7,16.69,23.195,6.505,19.677,2.4164,16.69,0,0,0,0,2.25E-05,2.25E-05,4.51E-06,7.21E-06,0,194,35,208,16.8,194,790
0,0,0,0,0,20,0,0,20,0,0,20,20,0,20,25,8.1,99,2301.54,1.22E-15,147.73,0.070551685,38.4,127.8,3.328125,4.4,5,0.447213595,0.341995189,0.275945932,0.25169979,0.234923789,1.8,0,2.6,2.8,0.02685774,0.004721958,0.6,0.006670614,-1.473413553,192.483769,0.064679534,22,72,50,39.6,13.68,22,43,47,4,45,1.2,43,47.867,178.49,130.623,92.285776,34.7299312,47.867,1941,2750,809,2301.6,261.12,1941,4,5,1,4.4,0.48,4,4,6,2,4.8,0.64,4,153,175,22,165.4,7.68,153,1.3,1.63,0.33,1.48,0.132,1.3,1.8,0.32,1,0,0,0,0,0,2,4,2,2.6,0.72,2,14,14,2.8,4.48,4,18,14,7.2,4.32,4,0.2,0.32,0,0,0,0,0,6,8,2,7.4,0.72,6,7,8,1,7.6,0.48,7,13.01,23.195,10.185,18.655,3.234,13.01,0,0,0,0,2.25E-05,2.25E-05,4.51E-06,7.21E-06,0,194,35,208,16.8,194,1170
0,0,0,0,0,20,0,0,20,0,0,20,20,0,20,300,8.1,99,2301.54,1.22E-15,147.73,0.070551685,38.4,127.8,3.328125,4.4,5,0.447213595,0.341995189,0.275945932,0.25169979,0.234923789,1.8,0,2.6,2.8,0.02685774,0.004721958,0.6,0.006670614,-1.473413553,192.483769,0.064679534,22,72,50,39.6,13.68,22,43,47,4,45,1.2,43,47.867,178.49,130.623,92.285776,34.7299312,47.867,1941,2750,809,2301.6,261.12,1941,4,5,1,4.4,0.48,4,4,6,2,4.8,0.64,4,153,175,22,165.4,7.68,153,1.3,1.63,0.33,1.48,0.132,1.3,1.8,0.32,1,0,0,0,0,0,2,4,2,2.6,0.72,2,14,14,2.8,4.48,4,18,14,7.2,4.32,4,0.2,0.32,0,0,0,0,0,6,8,2,7.4,0.72,6,7,8,1,7.6,0.48,7,13.01,23.195,10.185,18.655,3.234,13.01,0,0,0,0,2.25E-05,2.25E-05,4.51E-06,7.21E-06,0,194,35,208,16.8,194,1120
0,0,0,0,0,20,0,0,20,0,0,20,20,0,20,500,8.1,99,2301.54,1.22E-15,147.73,0.070551685,38.4,127.8,3.328125,4.4,5,0.447213595,0.341995189,0.275945932,0.25169979,0.234923789,1.8,0,2.6,2.8,0.02685774,0.004721958,0.6,0.006670614,-1.473413553,192.483769,0.064679534,22,72,50,39.6,13.68,22,43,47,4,45,1.2,43,47.867,178.49,130.623,92.285776,34.7299312,47.867,1941,2750,809,2301.6,261.12,1941,4,5,1,4.4,0.48,4,4,6,2,4.8,0.64,4,153,175,22,165.4,7.68,153,1.3,1.63,0.33,1.48,0.132,1.3,1.8,0.32,1,0,0,0,0,0,2,4,2,2.6,0.72,2,14,14,2.8,4.48,4,18,14,7.2,4.32,4,0.2,0.32,0,0,0,0,0,6,8,2,7.4,0.72,6,7,8,1,7.6,0.48,7,13.01,23.195,10.185,18.655,3.234,13.01,0,0,0,0,2.25E-05,2.25E-05,4.51E-06,7.21E-06,0,194,35,208,16.8,194,1253
0,0,0,0,0,20,0,0,20,0,0,20,20,0,20,700,8.1,99,2301.54,1.22E-15,147.73,0.070551685,38.4,127.8,3.328125,4.4,5,0.447213595,0.341995189,0.275945932,0.25169979,0.234923789,1.8,0,2.6,2.8,0.02685774,0.004721958,0.6,0.006670614,-1.473413553,192.483769,0.064679534,22,72,50,39.6,13.68,22,43,47,4,45,1.2,43,47.867,178.49,130.623,92.285776,34.7299312,47.867,1941,2750,809,2301.6,261.12,1941,4,5,1,4.4,0.48,4,4,6,2,4.8,0.64,4,153,175,22,165.4,7.68,153,1.3,1.63,0.33,1.48,0.132,1.3,1.8,0.32,1,0,0,0,0,0,2,4,2,2.6,0.72,2,14,14,2.8,4.48,4,18,14,7.2,4.32,4,0.2,0.32,0,0,0,0,0,6,8,2,7.4,0.72,6,7,8,1,7.6,0.48,7,13.01,23.195,10.185,18.655,3.234,13.01,0,0,0,0,2.25E-05,2.25E-05,4.51E-06,7.21E-06,0,194,35,208,16.8,194,1140
0,0,0,0,0,20,0,0,20,0,0,20,20,0,20,900,8.1,99,2301.54,1.22E-15,147.73,0.070551685,38.4,127.8,3.328125,4.4,5,0.447213595,0.341995189,0.275945932,0.25169979,0.234923789,1.8,0,2.6,2.8,0.02685774,0.004721958,0.6,0.006670614,-1.473413553,192.483769,0.064679534,22,72,50,39.6,13.68,22,43,47,4,45,1.2,43,47.867,178.49,130.623,92.285776,34.7299312,47.867,1941,2750,809,2301.6,261.12,1941,4,5,1,4.4,0.48,4,4,6,2,4.8,0.64,4,153,175,22,165.4,7.68,153,1.3,1.63,0.33,1.48,0.132,1.3,1.8,0.32,1,0,0,0,0,0,2,4,2,2.6,0.72,2,14,14,2.8,4.48,4,18,14,7.2,4.32,4,0.2,0.32,0,0,0,0,0,6,8,2,7.4,0.72,6,7,8,1,7.6,0.48,7,13.01,23.195,10.185,18.655,3.234,13.01,0,0,0,0,2.25E-05,2.25E-05,4.51E-06,7.21E-06,0,194,35,208,16.8,194,1157
0,0,0,0,0,0,20,0,20,0,20,0,20,20,0,25,12,231.8,2962.8,-7.08E-16,138.092,0.031506195,67,214,3.194029851,5.4,5,0.447213595,0.341995189,0.275945932,0.25169979,0.234923789,1.6,0,3.8,5.6,0.168812602,0.027651698,1,-0.180686733,-1.819503604,8.544144864,0.030949223,23,74,51,50.6,18.32,23,46,51,5,48.4,1.68,46,50.9415,183.84,132.8985,120.919152,49.1798304,50.9415,2183,3695,1512,2962.8,423.76,2183,5,6,1,5.4,0.48,5,4,6,2,5.2,0.64,4,153,170,17,160.6,5.68,153,1.5,2.36,0.86,1.85,0.328,1.5,1.6,0.48,1,0,0,0,0,0,3,5,2,3.8,0.64,3,14,14,5.6,6.72,5,20,15,11,6.8,5,0.4,0.48,0,0,0,0,0,5,7,2,6.2,0.64,5,6,7,1,6.6,0.48,6,13.01,18.18,5.17,16.21,1.552,13.01,0,0,0,0,0,0,0,0,0,229,0,229,0,229,1246
0,0,0,0,0,0,20,0,20,0,20,0,20,20,0,600,12,231.8,2962.8,-7.08E-16,138.092,0.031506195,67,214,3.194029851,5.4,5,0.447213595,0.341995189,0.275945932,0.25169979,0.234923789,1.6,0,3.8,5.6,0.168812602,0.027651698,1,-0.180686733,-1.819503604,8.544144864,0.030949223,23,74,51,50.6,18.32,23,46,51,5,48.4,1.68,46,50.9415,183.84,132.8985,120.919152,49.1798304,50.9415,2183,3695,1512,2962.8,423.76,2183,5,6,1,5.4,0.48,5,4,6,2,5.2,0.64,4,153,170,17,160.6,5.68,153,1.5,2.36,0.86,1.85,0.328,1.5,1.6,0.48,1,0,0,0,0,0,3,5,2,3.8,0.64,3,14,14,5.6,6.72,5,20,15,11,6.8,5,0.4,0.48,0,0,0,0,0,5,7,2,6.2,0.64,5,6,7,1,6.6,0.48,6,13.01,18.18,5.17,16.21,1.552,13.01,0,0,0,0,0,0,0,0,0,229,0,229,0,229,862
0,0,0,0,0,0,20,0,20,0,20,0,20,20,0,800,12,231.8,2962.8,-7.08E-16,138.092,0.031506195,67,214,3.194029851,5.4,5,0.447213595,0.341995189,0.275945932,0.25169979,0.234923789,1.6,0,3.8,5.6,0.168812602,0.027651698,1,-0.180686733,-1.819503604,8.544144864,0.030949223,23,74,51,50.6,18.32,23,46,51,5,48.4,1.68,46,50.9415,183.84,132.8985,120.919152,49.1798304,50.9415,2183,3695,1512,2962.8,423.76,2183,5,6,1,5.4,0.48,5,4,6,2,5.2,0.64,4,153,170,17,160.6,5.68,153,1.5,2.36,0.86,1.85,0.328,1.5,1.6,0.48,1,0,0,0,0,0,3,5,2,3.8,0.64,3,14,14,5.6,6.72,5,20,15,11,6.8,5,0.4,0.48,0,0,0,0,0,5,7,2,6.2,0.64,5,6,7,1,6.6,0.48,6,13.01,18.18,5.17,16.21,1.552,13.01,0,0,0,0,0,0,0,0,0,229,0,229,0,229,846
0,0,0,0,0,0,20,0,20,0,20,0,20,20,0,1000,12,231.8,2962.8,-7.08E-16,138.092,0.031506195,67,214,3.194029851,5.4,5,0.447213595,0.341995189,0.275945932,0.25169979,0.234923789,1.6,0,3.8,5.6,0.168812602,0.027651698,1,-0.180686733,-1.819503604,8.544144864,0.030949223,23,74,51,50.6,18.32,23,46,51,5,48.4,1.68,46,50.9415,183.84,132.8985,120.919152,49.1798304,50.9415,2183,3695,1512,2962.8,423.76,2183,5,6,1,5.4,0.48,5,4,6,2,5.2,0.64,4,153,170,17,160.6,5.68,153,1.5,2.36,0.86,1.85,0.328,1.5,1.6,0.48,1,0,0,0,0,0,3,5,2,3.8,0.64,3,14,14,5.6,6.72,5,20,15,11,6.8,5,0.4,0.48,0,0,0,0,0,5,7,2,6.2,0.64,5,6,7,1,6.6,0.48,6,13.01,18.18,5.17,16.21,1.552,13.01,0,0,0,0,0,0,0,0,0,229,0,229,0,229,842
0,0,0,0,0,0,20,0,20,0,20,0,20,20,0,1200,12,231.8,2962.8,-7.08E-16,138.092,0.031506195,67,214,3.194029851,5.4,5,0.447213595,0.341995189,0.275945932,0.25169979,0.234923789,1.6,0,3.8,5.6,0.168812602,0.027651698,1,-0.180686733,-1.819503604,8.544144864,0.030949223,23,74,51,50.6,18.32,23,46,51,5,48.4,1.68,46,50.9415,183.84,132.8985,120.919152,49.1798304,50.9415,2183,3695,1512,2962.8,423.76,2183,5,6,1,5.4,0.48,5,4,6,2,5.2,0.64,4,153,170,17,160.6,5.68,153,1.5,2.36,0.86,1.85,0.328,1.5,1.6,0.48,1,0,0,0,0,0,3,5,2,3.8,0.64,3,14,14,5.6,6.72,5,20,15,11,6.8,5,0.4,0.48,0,0,0,0,0,5,7,2,6.2,0.64,5,6,7,1,6.6,0.48,6,13.01,18.18,5.17,16.21,1.552,13.01,0,0,0,0,0,0,0,0,0,229,0,229,0,229,735
0,0,0,0,0,0,20,0,20,0,20,0,20,20,0,1400,12,231.8,2962.8,-7.08E-16,138.092,0.031506195,67,214,3.194029851,5.4,5,0.447213595,0.341995189,0.275945932,0.25169979,0.234923789,1.6,0,3.8,5.6,0.168812602,0.027651698,1,-0.180686733,-1.819503604,8.544144864,0.030949223,23,74,51,50.6,18.32,23,46,51,5,48.4,1.68,46,50.9415,183.84,132.8985,120.919152,49.1798304,50.9415,2183,3695,1512,2962.8,423.76,2183,5,6,1,5.4,0.48,5,4,6,2,5.2,0.64,4,153,170,17,160.6,5.68,153,1.5,2.36,0.86,1.85,0.328,1.5,1.6,0.48,1,0,0,0,0,0,3,5,2,3.8,0.64,3,14,14,5.6,6.72,5,20,15,11,6.8,5,0.4,0.48,0,0,0,0,0,5,7,2,6.2,0.64,5,6,7,1,6.6,0.48,6,13.01,18.18,5.17,16.21,1.552,13.01,0,0,0,0,0,0,0,0,0,229,0,229,0,229,656
0,0,0,0,0,0,20,0,20,0,20,0,20,20,0,1600,12,231.8,2962.8,-7.08E-16,138.092,0.031506195,67,214,3.194029851,5.4,5,0.447213595,0.341995189,0.275945932,0.25169979,0.234923789,1.6,0,3.8,5.6,0.168812602,0.027651698,1,-0.180686733,-1.819503604,8.544144864,0.030949223,23,74,51,50.6,18.32,23,46,51,5,48.4,1.68,46,50.9415,183.84,132.8985,120.919152,49.1798304,50.9415,2183,3695,1512,2962.8,423.76,2183,5,6,1,5.4,0.48,5,4,6,2,5.2,0.64,4,153,170,17,160.6,5.68,153,1.5,2.36,0.86,1.85,0.328,1.5,1.6,0.48,1,0,0,0,0,0,3,5,2,3.8,0.64,3,14,14,5.6,6.72,5,20,15,11,6.8,5,0.4,0.48,0,0,0,0,0,5,7,2,6.2,0.64,5,6,7,1,6.6,0.48,6,13.01,18.18,5.17,16.21,1.552,13.01,0,0,0,0,0,0,0,0,0,229,0,229,0,229,477
0,0,0,0,0,0,25,0,25,0,25,0,0,25,0,25,13,257.75,3157.75,0,139.715,0.023182415,72,227.5,3.159722222,5.5,4,0.5,0.396850263,0.329876978,0.304753414,0.287174589,1.5,0,4,7,0.168812602,0.030893973,1,-0.203977989,-1.870226683,5.599250069,0.027335038,41,74,33,57.5,16,41,47,51,4,49,1.5,47,92.90638,183.84,90.93362,138.413565,43.980375,92.90638,2750,3695,945,3157.75,334.75,2750,5,6,1,5.5,0.5,5,5,6,1,5.5,0.5,5,154,170,16,162.5,4.5,154,1.5,2.36,0.86,1.905,0.355,1.5,1.5,0.5,1,0,0,0,0,0,3,5,2,4,0.5,3,14,14,7,7,5,20,15,12.5,7,5,0.5,0.5,0,0,0,0,0,5,7,2,6,0.5,5,6,7,1,6.5,0.5,6,15.69,18.18,2.49,17.01,1.14,15.69,0,0,0,0,0,0,0,0,0,229,0,229,0,229,1058
0,0,0,0,0,0,25,0,25,0,25,0,0,25,0,600,13,257.75,3157.75,0,139.715,0.023182415,72,227.5,3.159722222,5.5,4,0.5,0.396850263,0.329876978,0.304753414,0.287174589,1.5,0,4,7,0.168812602,0.030893973,1,-0.203977989,-1.870226683,5.599250069,0.027335038,41,74,33,57.5,16,41,47,51,4,49,1.5,47,92.90638,183.84,90.93362,138.413565,43.980375,92.90638,2750,3695,945,3157.75,334.75,2750,5,6,1,5.5,0.5,5,5,6,1,5.5,0.5,5,154,170,16,162.5,4.5,154,1.5,2.36,0.86,1.905,0.355,1.5,1.5,0.5,1,0,0,0,0,0,3,5,2,4,0.5,3,14,14,7,7,5,20,15,12.5,7,5,0.5,0.5,0,0,0,0,0,5,7,2,6,0.5,5,6,7,1,6.5,0.5,6,15.69,18.18,2.49,17.01,1.14,15.69,0,0,0,0,0,0,0,0,0,229,0,229,0,229,561
0,0,0,0,0,0,25,0,25,0,25,0,0,25,0,800,13,257.75,3157.75,0,139.715,0.023182415,72,227.5,3.159722222,5.5,4,0.5,0.396850263,0.329876978,0.304753414,0.287174589,1.5,0,4,7,0.168812602,0.030893973,1,-0.203977989,-1.870226683,5.599250069,0.027335038,41,74,33,57.5,16,41,47,51,4,49,1.5,47,92.90638,183.84,90.93362,138.413565,43.980375,92.90638,2750,3695,945,3157.75,334.75,2750,5,6,1,5.5,0.5,5,5,6,1,5.5,0.5,5,154,170,16,162.5,4.5,154,1.5,2.36,0.86,1.905,0.355,1.5,1.5,0.5,1,0,0,0,0,0,3,5,2,4,0.5,3,14,14,7,7,5,20,15,12.5,7,5,0.5,0.5,0,0,0,0,0,5,7,2,6,0.5,5,6,7,1,6.5,0.5,6,15.69,18.18,2.49,17.01,1.14,15.69,0,0,0,0,0,0,0,0,0,229,0,229,0,229,552
0,0,0,0,0,0,25,0,25,0,25,0,0,25,0,1000,13,257.75,3157.75,0,139.715,0.023182415,72,227.5,3.159722222,5.5,4,0.5,0.396850263,0.329876978,0.304753414,0.287174589,1.5,0,4,7,0.168812602,0.030893973,1,-0.203977989,-1.870226683,5.599250069,0.027335038,41,74,33,57.5,16,41,47,51,4,49,1.5,47,92.90638,183.84,90.93362,138.413565,43.980375,92.90638,2750,3695,945,3157.75,334.75,2750,5,6,1,5.5,0.5,5,5,6,1,5.5,0.5,5,154,170,16,162.5,4.5,154,1.5,2.36,0.86,1.905,0.355,1.5,1.5,0.5,1,0,0,0,0,0,3,5,2,4,0.5,3,14,14,7,7,5,20,15,12.5,7,5,0.5,0.5,0,0,0,0,0,5,7,2,6,0.5,5,6,7,1,6.5,0.5,6,15.69,18.18,2.49,17.01,1.14,15.69,0,0,0,0,0,0,0,0,0,229,0,229,0,229,548
0,0,0,0,0,0,25,0,25,0,25,0,0,25,0,1200,13,257.75,3157.75,0,139.715,0.023182415,72,227.5,3.159722222,5.5,4,0.5,0.396850263,0.329876978,0.304753414,0.287174589,1.5,0,4,7,0.168812602,0.030893973,1,-0.203977989,-1.870226683,5.599250069,0.027335038,41,74,33,57.5,16,41,47,51,4,49,1.5,47,92.90638,183.84,90.93362,138.413565,43.980375,92.90638,2750,3695,945,3157.75,334.75,2750,5,6,1,5.5,0.5,5,5,6,1,5.5,0.5,5,154,170,16,162.5,4.5,154,1.5,2.36,0.86,1.905,0.355,1.5,1.5,0.5,1,0,0,0,0,0,3,5,2,4,0.5,3,14,14,7,7,5,20,15,12.5,7,5,0.5,0.5,0,0,0,0,0,5,7,2,6,0.5,5,6,7,1,6.5,0.5,6,15.69,18.18,2.49,17.01,1.14,15.69,0,0,0,0,0,0,0,0,0,229,0,229,0,229,506
0,0,0,0,0,0,25,0,25,0,25,0,0,25,0,1400,13,257.75,3157.75,0,139.715,0.023182415,72,227.5,3.159722222,5.5,4,0.5,0.396850263,0.329876978,0.304753414,0.287174589,1.5,0,4,7,0.168812602,0.030893973,1,-0.203977989,-1.870226683,5.599250069,0.027335038,41,74,33,57.5,16,41,47,51,4,49,1.5,47,92.90638,183.84,90.93362,138.413565,43.980375,92.90638,2750,3695,945,3157.75,334.75,2750,5,6,1,5.5,0.5,5,5,6,1,5.5,0.5,5,154,170,16,162.5,4.5,154,1.5,2.36,0.86,1.905,0.355,1.5,1.5,0.5,1,0,0,0,0,0,3,5,2,4,0.5,3,14,14,7,7,5,20,15,12.5,7,5,0.5,0.5,0,0,0,0,0,5,7,2,6,0.5,5,6,7,1,6.5,0.5,6,15.69,18.18,2.49,17.01,1.14,15.69,0,0,0,0,0,0,0,0,0,229,0,229,0,229,421
0,0,0,0,0,0,25,0,25,0,25,0,0,25,0,1600,13,257.75,3157.75,0,139.715,0.023182415,72,227.5,3.159722222,5.5,4,0.5,0.396850263,0.329876978,0.304753414,0.287174589,1.5,0,4,7,0.168812602,0.030893973,1,-0.203977989,-1.870226683,5.599250069,0.027335038,41,74,33,57.5,16,41,47,51,4,49,1.5,47,92.90638,183.84,90.93362,138.413565,43.980375,92.90638,2750,3695,945,3157.75,334.75,2750,5,6,1,5.5,0.5,5,5,6,1,5.5,0.5,5,154,170,16,162.5,4.5,154,1.5,2.36,0.86,1.905,0.355,1.5,1.5,0.5,1,0,0,0,0,0,3,5,2,4,0.5,3,14,14,7,7,5,20,15,12.5,7,5,0.5,0.5,0,0,0,0,0,5,7,2,6,0.5,5,6,7,1,6.5,0.5,6,15.69,18.18,2.49,17.01,1.14,15.69,0,0,0,0,0,0,0,0,0,229,0,229,0,229,405
0,0,0,0,0,0,0,0,20,0,0,20,40,0,20,25,6.3,109,2236.94,1.78E-15,142.5,0.074674383,41.8,137.8,3.296650718,4.6,4,0.529150262,0.444796018,0.407233601,0.401326025,0.400117033,1.8,0,2.8,0,0.022248763,0.003156694,0.8,-0.017045843,-1.541606421,19.35658019,0.06169258,22,41,19,29.8,8.56,23,43,47,4,45.2,1.36,46,47.867,92.90638,45.03938,66.776076,20.2312912,50.9415,1941,2750,809,2237,205.2,2183,4,5,1,4.6,0.48,5,4,5,1,4.4,0.48,4,153,175,22,161,6.8,153,1.33,1.63,0.3,1.546,0.0888,1.63,1.8,0.32,2,0,0,0,0,0,2,4,2,2.8,0.64,3,0,0,0,0,4,5,1,4.6,0.48,5,0.2,0.32,0,0,0,0,0,6,8,2,7.2,0.64,7,7,8,1,7.4,0.48,7,13.01,23.195,10.185,16.817,3.0964,13.01,0,0,0,0,2.25E-05,2.25E-05,4.51E-06,7.21E-06,0,194,35,215,16.8,229,918
0,0,0,0,0,0,0,0,20,0,0,20,40,0,20,600,6.3,109,2236.94,1.78E-15,142.5,0.074674383,41.8,137.8,3.296650718,4.6,4,0.529150262,0.444796018,0.407233601,0.401326025,0.400117033,1.8,0,2.8,0,0.022248763,0.003156694,0.8,-0.017045843,-1.541606421,19.35658019,0.06169258,22,41,19,29.8,8.56,23,43,47,4,45.2,1.36,46,47.867,92.90638,45.03938,66.776076,20.2312912,50.9415,1941,2750,809,2237,205.2,2183,4,5,1,4.6,0.48,5,4,5,1,4.4,0.48,4,153,175,22,161,6.8,153,1.33,1.63,0.3,1.546,0.0888,1.63,1.8,0.32,2,0,0,0,0,0,2,4,2,2.8,0.64,3,0,0,0,0,4,5,1,4.6,0.48,5,0.2,0.32,0,0,0,0,0,6,8,2,7.2,0.64,7,7,8,1,7.4,0.48,7,13.01,23.195,10.185,16.817,3.0964,13.01,0,0,0,0,2.25E-05,2.25E-05,4.51E-06,7.21E-06,0,194,35,215,16.8,229,571
0,0,0,0,0,0,0,0,20,0,0,20,40,0,20,800,6.3,109,2236.94,1.78E-15,142.5,0.074674383,41.8,137.8,3.296650718,4.6,4,0.529150262,0.444796018,0.407233601,0.401326025,0.400117033,1.8,0,2.8,0,0.022248763,0.003156694,0.8,-0.017045843,-1.541606421,19.35658019,0.06169258,22,41,19,29.8,8.56,23,43,47,4,45.2,1.36,46,47.867,92.90638,45.03938,66.776076,20.2312912,50.9415,1941,2750,809,2237,205.2,2183,4,5,1,4.6,0.48,5,4,5,1,4.4,0.48,4,153,175,22,161,6.8,153,1.33,1.63,0.3,1.546,0.0888,1.63,1.8,0.32,2,0,0,0,0,0,2,4,2,2.8,0.64,3,0,0,0,0,4,5,1,4.6,0.48,5,0.2,0.32,0,0,0,0,0,6,8,2,7.2,0.64,7,7,8,1,7.4,0.48,7,13.01,23.195,10.185,16.817,3.0964,13.01,0,0,0,0,2.25E-05,2.25E-05,4.51E-06,7.21E-06,0,194,35,215,16.8,229,240
0,0,0,0,0,0,0,0,20,0,0,20,40,0,20,1000,6.3,109,2236.94,1.78E-15,142.5,0.074674383,41.8,137.8,3.296650718,4.6,4,0.529150262,0.444796018,0.407233601,0.401326025,0.400117033,1.8,0,2.8,0,0.022248763,0.003156694,0.8,-0.017045843,-1.541606421,19.35658019,0.06169258,22,41,19,29.8,8.56,23,43,47,4,45.2,1.36,46,47.867,92.90638,45.03938,66.776076,20.2312912,50.9415,1941,2750,809,2237,205.2,2183,4,5,1,4.6,0.48,5,4,5,1,4.4,0.48,4,153,175,22,161,6.8,153,1.33,1.63,0.3,1.546,0.0888,1.63,1.8,0.32,2,0,0,0,0,0,2,4,2,2.8,0.64,3,0,0,0,0,4,5,1,4.6,0.48,5,0.2,0.32,0,0,0,0,0,6,8,2,7.2,0.64,7,7,8,1,7.4,0.48,7,13.01,23.195,10.185,16.817,3.0964,13.01,0,0,0,0,2.25E-05,2.25E-05,4.51E-06,7.21E-06,0,194,35,215,16.8,229,72
0,0,0,0,0,0,0,0,25,0,0,25,25,0,25,25,6.5,104.25,2250.425,4.44E-16,145.225,0.070361674,40.5,132.25,3.265432099,4.5,4,0.5,0.396850263,0.329876978,0.304753414,0.287174589,1.75,0,2.75,0,0.022248763,0.003401291,0.75,-0.004471966,-1.520267416,103.7539132,0.060111422,22,41,19,31.5,9,22,43,47,4,45,1.5,43,47.867,92.90638,45.03938,70.73472,21.33047,47.867,1941,2750,809,2250.5,249.75,1941,4,5,1,4.5,0.5,4,4,5,1,4.5,0.5,4,153,175,22,163,6.5,153,1.33,1.63,0.3,1.525,0.0975,1.33,1.75,0.375,1,0,0,0,0,0,2,4,2,2.75,0.75,2,0,0,0,0,4,5,1,4.5,0.5,4,0.25,0.375,0,0,0,0,0,6,8,2,7.25,0.75,6,7,8,1,7.5,0.5,7,13.01,23.195,10.185,17.76875,2.91875,13.01,0,0,0,0,2.25E-05,2.25E-05,5.63E-06,8.45E-06,0,194,35,211.5,17.5,194,1105
0,0,0,0,0,0,0,0,25,0,0,25,25,0,25,600,6.5,104.25,2250.425,4.44E-16,145.225,0.070361674,40.5,132.25,3.265432099,4.5,4,0.5,0.396850263,0.329876978,0.304753414,0.287174589,1.75,0,2.75,0,0.022248763,0.003401291,0.75,-0.004471966,-1.520267416,103.7539132,0.060111422,22,41,19,31.5,9,22,43,47,4,45,1.5,43,47.867,92.90638,45.03938,70.73472,21.33047,47.867,1941,2750,809,2250.5,249.75,1941,4,5,1,4.5,0.5,4,4,5,1,4.5,0.5,4,153,175,22,163,6.5,153,1.33,1.63,0.3,1.525,0.0975,1.33,1.75,0.375,1,0,0,0,0,0,2,4,2,2.75,0.75,2,0,0,0,0,4,5,1,4.5,0.5,4,0.25,0.375,0,0,0,0,0,6,8,2,7.25,0.75,6,7,8,1,7.5,0.5,7,13.01,23.195,10.185,17.76875,2.91875,13.01,0,0,0,0,2.25E-05,2.25E-05,5.63E-06,8.45E-06,0,194,35,211.5,17.5,194,834
0,0,0,0,0,0,0,0,25,0,0,25,25,0,25,800,6.5,104.25,2250.425,4.44E-16,145.225,0.070361674,40.5,132.25,3.265432099,4.5,4,0.5,0.396850263,0.329876978,0.304753414,0.287174589,1.75,0,2.75,0,0.022248763,0.003401291,0.75,-0.004471966,-1.520267416,103.7539132,0.060111422,22,41,19,31.5,9,22,43,47,4,45,1.5,43,47.867,92.90638,45.03938,70.73472,21.33047,47.867,1941,2750,809,2250.5,249.75,1941,4,5,1,4.5,0.5,4,4,5,1,4.5,0.5,4,153,175,22,163,6.5,153,1.33,1.63,0.3,1.525,0.0975,1.33,1.75,0.375,1,0,0,0,0,0,2,4,2,2.75,0.75,2,0,0,0,0,4,5,1,4.5,0.5,4,0.25,0.375,0,0,0,0,0,6,8,2,7.25,0.75,6,7,8,1,7.5,0.5,7,13.01,23.195,10.185,17.76875,2.91875,13.01,0,0,0,0,2.25E-05,2.25E-05,5.63E-06,8.45E-06,0,194,35,211.5,17.5,194,187
0,0,0,0,0,0,0,0,25,0,0,25,25,0,25,1000,6.5,104.25,2250.425,4.44E-16,145.225,0.070361674,40.5,132.25,3.265432099,4.5,4,0.5,0.396850263,0.329876978,0.304753414,0.287174589,1.75,0,2.75,0,0.022248763,0.003401291,0.75,-0.004471966,-1.520267416,103.7539132,0.060111422,22,41,19,31.5,9,22,43,47,4,45,1.5,43,47.867,92.90638,45.03938,70.73472,21.33047,47.867,1941,2750,809,2250.5,249.75,1941,4,5,1,4.5,0.5,4,4,5,1,4.5,0.5,4,153,175,22,163,6.5,153,1.33,1.63,0.3,1.525,0.0975,1.33,1.75,0.375,1,0,0,0,0,0,2,4,2,2.75,0.75,2,0,0,0,0,4,5,1,4.5,0.5,4,0.25,0.375,0,0,0,0,0,6,8,2,7.25,0.75,6,7,8,1,7.5,0.5,7,13.01,23.195,10.185,17.76875,2.91875,13.01,0,0,0,0,2.25E-05,2.25E-05,5.63E-06,8.45E-06,0,194,35,211.5,17.5,194,58